Nombre,Edad,Posicion,Club,Liga,Nacionalidad,Calificacion,Duelos ganados totales,Bloqueos totales,Duelos aereos ganados x cada 90 min totales,Minutos x partido,Pases x cada 90 minutos totales,Faltas cometidas x cada 90 min totales,Pases x juego totales,Duelos regate perdidos x cada 90 min totales,Pases completos totales,Pases totales,Porcentaje atajadas totales,Atajadas x partido totales,Atajadas totales,Pases completos x partidos totales,Pases completos x cada 90 min,Duelos totales,Faltas recibidas x partido totales,Atajadas x cada 90 min totales,Regates existosos x partido totales,Tiros x partido totales,Tiros puerta x cada 90 min totales,Balones perdidos x cada 90 min totales,Faltas recibidas x cada 90 min totales,Duelos ganados x cada 90 min totales,Minutos x gol totales,Pases clave x partido totales,Participacion en goles x cada 90 min totales,Pases clave x cada 90 min totales,Pases clave totales
Aaron Cresswell,34,Defender,West Ham United,Premier League,England,8.721649484536083,60.0,10.0,1.17,80.0,44.21,0.36,39.21,0.72,899.0,1098.0,,,,,,,,,,,,,,,,,,,
Aaron Ramsdale,25,Goalkeeper,Arsenal,Premier League,England,9.00257731958763,,,,,,,24.58,,,934.0,68.38,2.45,93.0,15.74,15.74,13.0,0.11,2.45,,,,,,,,,,,
Adam Smith,32,Defender,AFC Bournemouth,Premier League,England,8.587628865979383,115.0,13.0,0.95,80.0,28.87,0.89,25.57,0.85,712.0,946.0,,,,,,,,,,,,,,,,,,,
Aleksandar Mitrović,29,Forward,Fulham,Premier League,Serbia,9.177835051546392,,,,,,,20.25,,,,,,,12.38,13.26,,,,0.96,3.17,1.56,2.77,1.79,7.86,144.0,,,,
Alex Iwobi,27,Forward,Everton,Premier League,Nigeria,8.91237113402062,,,,,,,36.05,,,,,,,28.46,28.79,,,,1.32,0.78,0.38,1.07,0.41,3.88,1691.0,,,,
Alexis Mac Allister,25,Midfielder,Brighton & Hove Albion,Premier League,Argentina,9.06958762886598,,,,82.0,,,48.77,,1486.0,1707.0,,,,42.46,47.56,,,,,,,,,,,1.23,0.37,1.38,43.0
Alisson Becker,31,Goalkeeper,Liverpool,Premier League,Brazil,9.000000000000002,,,,,,,33.62,,,1244.0,71.33,2.89,107.0,27.95,27.95,22.0,0.14,2.89,,,,,,,,,,,
Amadou Onana,22,Midfielder,Everton,Premier League,Belgium,8.981958762886599,,,,78.0,,,29.18,,809.0,963.0,,,,24.52,29.16,,,,,,,,,,,0.67,0.11,0.79,22.0
Andreas Pereira,28,Midfielder,Fulham,Premier League,Brazil,8.971649484536085,,,,82.0,,,25.28,,589.0,809.0,,,,18.41,20.09,,,,,,,,,,,1.84,0.33,2.01,59.0
Andrew Robertson,30,Defender,Liverpool,Premier League,Scotland,9.007731958762887,86.0,5.0,0.77,76.0,62.35,0.77,52.74,0.66,1510.0,1793.0,,,,,,,,,,,,,,,,,,,
Antonee Robinson,26,Defender,Fulham,Premier League,USA,8.716494845360826,150.0,13.0,1.08,88.0,40.78,0.99,39.97,0.6,1050.0,1359.0,,,,,,,,,,,,,,,,,,,
Ashley Young,38,Defender,Aston Villa,Premier League,England,8.657216494845361,98.0,11.0,0.57,70.0,42.31,1.06,33.03,0.49,743.0,958.0,,,,,,,,,,,,,,,,,,,
Ben Davies,30,Defender,Tottenham Hotspur,Premier League,Wales,8.695876288659793,116.0,8.0,2.65,74.0,46.18,1.18,37.7,0.49,942.0,1131.0,,,,,,,,,,,,,,,,,,,
Ben Mee,34,Defender,Brentford,Premier League,England,9.0,188.0,41.0,3.52,88.0,45.47,0.41,44.63,0.32,1201.0,1562.0,,,,,,,,,,,,,,,,,,,
Ben White,26,Defender,Arsenal,Premier League,England,9.067010309278352,131.0,11.0,1.0,81.0,56.77,0.82,50.89,0.73,1674.0,1934.0,,,,,,,,,,,,,,,,,,,
Bernardo Silva,29,Midfielder,Manchester City,Premier League,Portugal,8.744845360824744,,,,65.0,,,41.15,,1243.0,1399.0,,,,36.56,50.76,,,,,,,,,,,0.91,0.37,1.27,31.0
Bernd Leno,32,Goalkeeper,Fulham,Premier League,Germany,8.989690721649485,,,,,,,32.83,,,1149.0,72.28,3.8,133.0,24.97,24.97,16.0,0.06,3.8,,,,,,,,,,,
Bobby Reid,31,Forward,Fulham,Premier League,Jamaica,8.737113402061855,,,,,,,22.06,,,,,,,16.0,20.36,,,,0.46,0.63,0.36,1.2,0.76,3.2,622.0,,,,
Brenden Aaronson,23,Midfielder,Leeds United,Premier League,USA,8.724226804123711,,,,66.0,,,19.49,,544.0,682.0,,,,15.54,21.14,,,,,,,,,,,1.34,0.15,1.83,47.0
Brennan Johnson,22,Forward,Nottingham Forest,Premier League,Wales,8.81958762886598,,,,,,,11.49,,,,,,,7.24,8.46,,,,0.81,1.11,0.76,0.76,0.6,3.09,368.0,,,,
Bruno Fernandes,29,Midfielder,Manchester United,Premier League,Portugal,9.36855670103093,,,,90.0,,,49.68,,1427.0,1838.0,,,,38.57,38.68,,,,,,,,,,,3.19,0.43,3.2,118.0
Bruno Guimarães,26,Midfielder,Newcastle United,Premier League,Brazil,9.244845360824744,,,,85.0,,,50.28,,1361.0,1609.0,,,,42.53,44.79,,,,,,,,,,,1.34,0.3,1.41,43.0
Bryan Mbeumo,24,Forward,Brentford,Premier League,Cameroon,8.734536082474227,,,,,,,0.0,,,,,,,0.0,0.0,,,,0.0,0.0,0.0,0.0,0.0,0.0,326.0,,,,
Bukayo Saka,22,Midfielder,Arsenal,Premier League,England,9.286082474226806,,,,84.0,,,32.29,,995.0,1227.0,,,,26.18,28.04,,,,,,,,,,,2.0,0.7,2.14,76.0
Casemiro,32,Midfielder,Manchester United,Premier League,Brazil,9.00257731958763,,,,76.0,,,49.32,,1088.0,1381.0,,,,38.86,46.04,,,,,,,,,,,1.04,0.3,1.23,29.0
Cheick Doucouré,24,Midfielder,Crystal Palace,Premier League,Mali,8.793814432989691,,,,82.0,,,35.69,,952.0,1142.0,,,,29.75,33.03,,,,,,,,,,,0.72,0.1,0.8,23.0
Chris Mepham,26,Defender,AFC Bournemouth,Premier League,Wales,8.646907216494846,105.0,27.0,2.17,85.0,41.19,0.66,38.69,0.45,844.0,1006.0,,,,,,,,,,,,,,,,,,,
Christian Eriksen,32,Midfielder,Manchester United,Premier League,Denmark,9.059278350515466,,,,74.0,,,49.25,,1168.0,1379.0,,,,41.71,50.95,,,,,,,,,,,1.29,0.39,1.57,36.0
Clément Lenglet,28,Defender,Tottenham Hotspur,Premier League,France,8.873711340206187,103.0,12.0,1.95,78.0,62.87,0.98,54.12,0.7,1184.0,1353.0,,,,,,,,,,,,,,,,,,,
Conor Coady,31,Defender,Everton,Premier League,England,8.757731958762887,52.0,17.0,1.03,87.0,50.13,0.47,48.62,0.3,992.0,1167.0,,,,,,,,,,,,,,,,,,,
Craig Dawson,33,Defender,Wolverhampton Wanderers,Premier League,England,8.876288659793815,76.0,22.0,2.25,85.0,49.59,0.7,47.29,0.25,819.0,993.0,,,,,,,,,,,,,,,,,,,
Cristian Romero,25,Defender,Tottenham Hotspur,Premier League,Argentina,8.920103092783506,145.0,18.0,2.22,88.0,58.75,1.58,57.12,0.55,1297.0,1485.0,,,,,,,,,,,,,,,,,,,
Dan Burn,31,Defender,Newcastle United,Premier League,England,9.113402061855671,162.0,16.0,2.46,82.0,41.3,1.01,37.63,0.87,1116.0,1430.0,,,,,,,,,,,,,,,,,,,
Danny Ward,30,Goalkeeper,Leicester City,Premier League,Wales,8.902061855670103,,,,,,,30.23,,,786.0,62.6,2.96,77.0,21.12,21.12,11.0,0.19,2.96,,,,,,,,,,,
David de Gea,33,Goalkeeper,Manchester United,Premier League,Spain,8.994845360824744,,,,,,,28.87,,,1097.0,70.14,2.66,101.0,19.84,19.84,12.0,0.13,2.66,,,,,,,,,,,
David Raya,28,Goalkeeper,Brentford,Premier League,Spain,8.997422680412372,,,,,,,38.05,,,1408.0,77.08,4.0,148.0,23.08,23.08,21.0,0.14,4.0,,,,,,,,,,,
Declan Rice,25,Midfielder,West Ham United,Premier League,England,9.105670103092784,,,,88.0,,,53.65,,1756.0,1985.0,,,,47.46,49.42,,,,,,,,,,,0.97,0.14,1.01,36.0
Dejan Kulusevski,23,Midfielder,Tottenham Hotspur,Premier League,Sweden,8.667525773195878,,,,69.0,,,22.55,,542.0,654.0,,,,18.69,24.38,,,,,,,,,,,1.52,0.39,1.98,44.0
Demarai Gray,27,Forward,Everton,Premier League,England,8.760309278350515,,,,,,,19.91,,,,,,,16.22,19.29,,,,0.94,1.12,0.86,2.27,1.9,4.61,628.0,,,,
Diogo Dalot,25,Defender,Manchester United,Premier League,Portugal,8.75515463917526,112.0,8.0,1.59,83.0,49.03,0.84,45.15,0.42,945.0,1174.0,,,,,,,,,,,,,,,,,,,
Dominic Solanke,26,Forward,AFC Bournemouth,Premier League,England,8.876288659793817,,,,,,,15.72,,,,,,,10.94,11.31,,,,1.22,1.56,0.87,2.23,1.65,5.01,479.0,,,,
Douglas Luiz,25,Midfielder,Aston Villa,Premier League,Brazil,9.201030927835053,,,,79.0,,,43.35,,1379.0,1604.0,,,,37.27,42.33,,,,,,,,,,,1.16,0.37,1.32,43.0
Dwight McNeil,24,Forward,Everton,Premier League,England,8.835051546391753,,,,,,,20.43,,,,,,,15.6,20.41,,,,1.37,0.69,0.52,1.53,0.75,5.38,357.0,,,,
Eberechi Eze,25,Midfielder,Crystal Palace,Premier League,England,8.804123711340207,,,,70.0,,,27.06,,806.0,974.0,,,,22.39,29.84,,,,,,,,,,,1.53,0.48,2.04,55.0
Ederson,30,Goalkeeper,Manchester City,Premier League,Brazil,8.742268041237114,,,,,,,31.29,,,1095.0,58.97,1.31,46.0,26.31,26.31,17.0,0.09,1.31,,,,,,,,,,,
Emi Buendía,27,Midfielder,Aston Villa,Premier League,Argentina,8.652061855670103,,,,64.0,,,25.34,,751.0,963.0,,,,19.76,27.93,,,,,,,,,,,1.03,0.26,1.45,39.0
Emiliano Martínez,31,Goalkeeper,Aston Villa,Premier League,Argentina,8.945876288659795,,,,,,,33.83,,,1218.0,72.06,2.72,98.0,24.14,24.9,20.0,0.14,2.81,,,,,,,,,,,
Eric Dier,30,Defender,Tottenham Hotspur,Premier League,England,8.744845360824744,119.0,24.0,2.49,85.0,62.32,0.8,59.09,0.26,1669.0,1950.0,,,,,,,,,,,,,,,,,,,
Erling Haaland,23,Forward,Manchester City,Premier League,Norway,9.50515463917526,,,,,,,13.43,,,,,,,10.14,11.5,,,,0.31,3.03,1.91,0.84,0.78,2.85,77.0,,,,
Ethan Pinnock,30,Defender,Brentford,Premier League,Jamaica,9.012886597938145,148.0,27.0,3.32,90.0,35.93,0.21,35.93,0.11,800.0,1006.0,,,,,,,,,,,,,,,,,,,
Ezri Konsa,26,Defender,Aston Villa,Premier League,England,8.824742268041238,164.0,23.0,1.46,87.0,49.39,0.33,47.97,0.19,1617.0,1823.0,,,,,,,,,,,,,,,,,,,
Fabian Schär,32,Defender,Newcastle United,Premier League,Switzerland,8.976804123711341,183.0,19.0,2.92,89.0,50.13,0.56,49.67,0.34,1388.0,1788.0,,,,,,,,,,,,,,,,,,,
Fabinho,30,Midfielder,Liverpool,Premier League,Brazil,8.917525773195877,,,,74.0,,,49.53,,1583.0,1783.0,,,,43.97,53.22,,,,,,,,,,,0.5,0.07,0.61,18.0
Gabriel Jesus,26,Forward,Arsenal,Premier League,Brazil,9.159793814432991,,,,,,,25.81,,,,,,,21.04,23.73,,,,1.54,2.19,1.39,2.78,2.43,7.46,189.0,,,,
Gabriel Magalhães,26,Defender,Arsenal,Premier League,Brazil,9.015463917525775,188.0,26.0,2.53,90.0,62.82,0.69,62.66,0.24,2143.0,2381.0,,,,,,,,,,,,,,,,,,,
Gabriel Martinelli,22,Forward,Arsenal,Premier League,Brazil,9.059278350515465,,,,,,,27.14,,,,,,,22.36,25.83,,,,1.64,1.5,1.03,1.86,1.19,4.52,187.0,,,,
Gavin Bazunu,22,Goalkeeper,Southampton,Premier League,Republic of Ireland,8.747422680412372,,,,,,,32.19,,,998.0,56.1,2.23,69.0,17.65,17.65,18.0,0.06,2.23,,,,,,,,,,,
Granit Xhaka,31,Midfielder,Arsenal,Premier League,Switzerland,9.136597938144332,,,,81.0,,,42.05,,1349.0,1556.0,,,,36.46,40.42,,,,,,,,,,,1.27,0.42,1.41,47.0
Harrison Reed,29,Midfielder,Fulham,Premier League,England,8.945876288659795,,,,78.0,,,32.19,,923.0,1159.0,,,,25.64,29.7,,,,,,,,,,,0.89,0.22,1.03,32.0
Harry Kane,30,Forward,Tottenham Hotspur,Premier League,England,9.31701030927835,,,,,,,22.32,,,,,,,16.22,16.27,,,,0.86,2.7,1.71,1.49,1.44,4.39,114.0,,,,
Harvey Barnes,26,Midfielder,Leicester City,Premier League,England,8.806701030927837,,,,80.0,,,20.97,,508.0,692.0,,,,15.39,17.38,,,,,,,,,,,0.58,0.46,0.65,19.0
Heung-Min Son,31,Forward,Tottenham Hotspur,Premier League,South Korea,8.987113402061857,,,,,,,21.31,,,,,,,17.4,19.51,,,,0.86,1.54,1.22,1.7,1.15,3.14,290.0,,,,
Hugo Lloris,37,Goalkeeper,Tottenham Hotspur,Premier League,France,8.894329896907218,,,,,,,24.68,,,617.0,66.95,3.16,79.0,18.32,18.69,17.0,0.08,3.22,,,,,,,,,,,
Idrissa Gueye,34,Midfielder,Everton,Premier League,Senegal,8.896907216494846,,,,79.0,,,36.56,,985.0,1170.0,,,,30.78,35.08,,,,,,,,,,,0.38,0.03,0.43,12.0
Ilkay Gundogan,33,Midfielder,Manchester City,Premier League,Germany,9.103092783505154,,,,76.0,,,49.26,,1347.0,1527.0,,,,43.45,51.39,,,,,,,,,,,1.26,0.46,1.49,39.0
Illan Meslier,24,Goalkeeper,Leeds United,Premier League,France,8.863402061855671,,,,,,,24.79,,,818.0,58.23,2.79,92.0,13.76,13.76,26.0,0.15,2.79,,,,,,,,,,,
Issa Diop,27,Defender,Fulham,Premier League,France,8.95360824742268,71.0,17.0,1.52,80.0,61.28,0.72,54.72,0.67,1187.0,1368.0,,,,,,,,,,,,,,,,,,,
Ivan Perišić,35,Midfielder,Tottenham Hotspur,Premier League,Croatia,9.059278350515465,,,,62.0,,,22.58,,540.0,745.0,,,,16.36,24.06,,,,,,,,,,,1.42,0.38,2.09,47.0
Ivan Toney,28,Forward,Brentford,Premier League,England,9.34278350515464,,,,,,,22.45,,,,,,,14.0,14.08,,,,0.42,2.35,1.23,1.43,2.27,6.62,148.0,,,,
Jack Grealish,28,Midfielder,Manchester City,Premier League,England,9.234536082474229,,,,74.0,,,35.11,,862.0,983.0,,,,30.79,37.62,,,,,,,,,,,1.79,0.52,2.18,50.0
Jack Harrison,27,Midfielder,Leeds United,Premier League,England,9.020618556701033,,,,76.0,,,25.37,,633.0,888.0,,,,18.09,21.51,,,,,,,,,,,1.51,0.4,1.8,53.0
Jacob Ramsey,22,Midfielder,Aston Villa,Premier League,England,8.796391752577321,,,,76.0,,,24.2,,708.0,847.0,,,,20.23,24.06,,,,,,,,,,,1.2,0.44,1.43,42.0
James Maddison,27,Midfielder,Leicester City,Premier League,England,9.31958762886598,,,,83.0,,,33.79,,781.0,980.0,,,,26.93,29.35,,,,,,,,,,,2.34,0.69,2.56,68.0
James Tarkowski,31,Defender,Everton,Premier League,England,9.033505154639176,195.0,74.0,3.05,90.0,41.49,1.05,41.49,0.46,1239.0,1535.0,,,,,,,,,,,,,,,,,,,
James Ward-Prowse,29,Midfielder,Southampton,Premier League,England,9.221649484536083,,,,89.0,,,49.43,,1560.0,1829.0,,,,42.16,42.77,,,,,,,,,,,2.03,0.35,2.06,75.0
Jarrod Bowen,27,Forward,West Ham United,Premier League,England,8.721649484536083,,,,,,,18.0,,,,,,,13.16,14.23,,,,0.76,1.03,0.6,1.51,1.91,4.69,540.0,,,,
Jefferson Lerma,29,Midfielder,AFC Bournemouth,Premier League,Colombia,8.811855670103094,,,,88.0,,,42.17,,1248.0,1518.0,,,,34.67,35.48,,,,,,,,,,,0.5,0.14,0.51,18.0
Jeffrey Schlupp,31,Midfielder,Crystal Palace,Premier League,Ghana,8.811855670103094,,,,75.0,,,25.09,,607.0,803.0,,,,18.97,22.95,,,,,,,,,,,0.41,0.14,0.49,13.0
Joachim Andersen,27,Defender,Crystal Palace,Premier League,Denmark,6.984536082474228,0.0,0.0,0.0,87.0,0.0,0.0,0.0,0.0,0.0,0.0,,,,,,,,,,,,,,,,,,,
João Palhinha,28,Midfielder,Fulham,Premier League,Portugal,8.907216494845361,,,,89.0,,,35.35,,996.0,1202.0,,,,29.29,29.65,,,,,,,,,,,0.15,0.09,0.15,5.0
Joe Worrall,27,Defender,Nottingham Forest,Premier League,England,8.610824742268044,109.0,22.0,2.09,74.0,43.71,1.07,36.72,0.41,836.0,1065.0,,,,,,,,,,,,,,,,,,,
Joël Veltman,32,Defender,Brighton & Hove Albion,Premier League,Netherlands,8.726804123711341,127.0,8.0,0.93,71.0,52.2,1.15,40.97,0.76,1042.0,1229.0,,,,,,,,,,,,,,,,,,,
Joel Ward,34,Defender,Crystal Palace,Premier League,England,8.737113402061857,113.0,15.0,2.21,81.0,39.49,1.17,35.0,0.26,687.0,910.0,,,,,,,,,,,,,,,,,,,
Joelinton,27,Forward,Newcastle United,Premier League,Brazil,9.033505154639176,,,,,,,37.78,,,,,,,31.22,33.75,,,,1.59,1.19,0.68,1.55,1.15,7.3,444.0,,,,
John McGinn,29,Midfielder,Aston Villa,Premier League,Scotland,8.943298969072165,,,,79.0,,,27.74,,766.0,943.0,,,,22.53,25.55,,,,,,,,,,,0.56,0.13,0.63,19.0
Jordan Ayew,32,Forward,Crystal Palace,Premier League,Ghana,8.762886597938145,,,,,,,20.86,,,,,,,16.58,21.04,,,,1.44,0.53,0.35,2.85,2.96,8.53,681.0,,,,
Jordan Henderson,33,Midfielder,Liverpool,Premier League,England,8.855670103092784,,,,59.0,,,43.46,,1291.0,1521.0,,,,36.89,56.05,,,,,,,,,,,0.89,0.09,1.35,31.0
Jordan Pickford,30,Goalkeeper,Everton,Premier League,England,8.91237113402062,,,,,,,30.92,,,1113.0,68.21,3.28,118.0,15.94,15.94,19.0,0.14,3.28,,,,,,,,,,,
Jorginho,32,Midfielder,Arsenal,Premier League,Italy,8.961340206185568,,,,67.0,,,49.94,,1380.0,1598.0,,,,43.12,58.15,,,,,,,,,,,0.38,0.13,0.51,12.0
José Sá,31,Goalkeeper,Wolverhampton Wanderers,Premier League,Portugal,8.945876288659795,,,,,,,28.0,,,896.0,63.01,2.88,92.0,18.59,18.59,18.0,0.25,2.88,,,,,,,,,,,
Joseph Willock,24,Midfielder,Newcastle United,Premier League,England,8.88917525773196,,,,74.0,,,24.89,,741.0,871.0,,,,21.17,25.88,,,,,,,,,,,1.14,0.31,1.4,40.0
Kai Havertz,24,Midfielder,Chelsea,Premier League,Germany,8.760309278350517,,,,74.0,,,24.91,,680.0,822.0,,,,20.61,25.21,,,,,,,,,,,1.06,0.28,1.3,35.0
Kaoru Mitoma,26,Midfielder,Brighton & Hove Albion,Premier League,Japan,8.765463917525775,,,,70.0,,,26.3,,719.0,868.0,,,,21.79,28.77,,,,,,,,,,,1.15,0.47,1.52,38.0
Kenny Tete,28,Defender,Fulham,Premier League,Netherlands,9.018041237113403,184.0,17.0,1.1,83.0,38.19,1.5,36.03,0.4,807.0,1045.0,,,,,,,,,,,,,,,,,,,
Kepa Arrizabalaga,29,Goalkeeper,Chelsea,Premier League,Spain,8.95360824742268,,,,,,,30.3,,,818.0,72.88,3.19,86.0,24.44,24.9,22.0,0.3,3.24,,,,,,,,,,,
Kevin De Bruyne,32,Midfielder,Manchester City,Premier League,Belgium,9.466494845360826,,,,76.0,,,42.12,,1091.0,1348.0,,,,34.09,40.49,,,,,,,,,,,3.06,0.85,3.64,98.0
Kieran Trippier,33,Defender,Newcastle United,Premier League,England,9.242268041237114,165.0,15.0,1.32,88.0,54.87,1.29,53.71,1.18,1556.0,2041.0,,,,,,,,,,,,,,,,,,,
Kiernan Dewsbury-Hall,25,Midfielder,Leicester City,Premier League,England,8.876288659793815,,,,75.0,,,35.27,,836.0,1058.0,,,,27.87,33.8,,,,,,,,,,,1.27,0.16,1.54,38.0
Kyle Walker-Peters,26,Defender,Southampton,Premier League,England,8.662371134020619,159.0,8.0,0.53,86.0,33.18,0.84,31.5,0.7,742.0,945.0,,,,,,,,,,,,,,,,,,,
Leandro Trossard,29,Forward,Arsenal,Premier League,Belgium,8.896907216494846,,,,,,,23.94,,,,,,,18.81,27.01,,,,0.64,1.06,0.92,2.03,1.2,3.31,282.0,,,,
Lewis Dunk,32,Defender,Brighton & Hove Albion,Premier League,England,9.015463917525775,122.0,27.0,1.85,90.0,85.74,0.51,83.78,0.57,2721.0,3016.0,,,,,,,,,,,,,,,,,,,
Lisandro Martínez,26,Defender,Manchester United,Premier League,Argentina,8.974226804123711,110.0,27.0,1.32,78.0,63.85,0.89,55.63,0.38,1311.0,1502.0,,,,,,,,,,,,,,,,,,,
Lloyd Kelly,25,Defender,AFC Bournemouth,Premier League,England,8.716494845360826,77.0,15.0,1.59,89.0,45.15,0.75,44.52,0.22,831.0,1024.0,,,,,,,,,,,,,,,,,,,
Lucas Paquetá,26,Midfielder,West Ham United,Premier League,Brazil,8.969072164948454,,,,78.0,,,38.46,,861.0,1077.0,,,,30.75,36.67,,,,,,,,,,,1.11,0.29,1.32,31.0
Luke Ayling,32,Defender,Leeds United,Premier League,England,8.448453608247423,155.0,10.0,2.02,71.0,37.46,0.74,29.11,1.75,562.0,815.0,,,,,,,,,,,,,,,,,,,
Luke Shaw,28,Defender,Manchester United,Premier League,England,9.043814432989691,138.0,17.0,1.58,82.0,62.69,1.62,57.45,0.39,1537.0,1781.0,,,,,,,,,,,,,,,,,,,
Manuel Akanji,28,Defender,Manchester City,Premier League,Switzerland,8.981958762886599,74.0,8.0,0.87,79.0,79.2,0.95,69.28,0.47,1876.0,2009.0,,,,,,,,,,,,,,,,,,,
Marc Guehi,23,Defender,Crystal Palace,Premier League,England,8.850515463917526,149.0,21.0,1.4,90.0,57.49,0.6,57.49,0.43,1725.0,2012.0,,,,,,,,,,,,,,,,,,,
Marc Roca,27,Midfielder,Leeds United,Premier League,Spain,8.927835051546392,,,,73.0,,,36.84,,929.0,1179.0,,,,29.03,35.87,,,,,,,,,,,1.03,0.12,1.27,33.0
Marcos Senesi,26,Defender,AFC Bournemouth,Premier League,Argentina,8.806701030927837,93.0,20.0,0.94,81.0,45.32,1.05,40.55,0.79,1028.0,1257.0,,,,,,,,,,,,,,,,,,,
Marcus Rashford,26,Forward,Manchester United,Premier League,England,9.226804123711341,,,,,,,22.06,,,,,,,17.31,18.87,,,,1.43,2.31,1.56,1.31,0.72,3.49,170.0,,,,
Martin Ødegaard,25,Midfielder,Arsenal,Premier League,Norway,9.304123711340209,,,,85.0,,,45.41,,1413.0,1680.0,,,,38.19,40.37,,,,,,,,,,,2.11,0.63,2.23,78.0
Matheus Nunes,25,Midfielder,Wolverhampton Wanderers,Premier League,Portugal,8.817010309278352,,,,73.0,,,27.37,,682.0,821.0,,,,22.73,28.66,,,,,,,,,,,0.87,0.07,1.09,26.0
Mathias Jensen,28,Midfielder,Brentford,Premier League,Denmark,9.105670103092784,,,,77.0,,,32.77,,871.0,1147.0,,,,24.89,29.2,,,,,,,,,,,1.4,0.35,1.64,49.0
Max Kilman,26,Defender,Wolverhampton Wanderers,Premier League,England,8.966494845360828,138.0,37.0,2.32,89.0,55.14,0.52,54.73,0.34,1496.0,1806.0,,,,,,,,,,,,,,,,,,,
Michael Olise,22,Midfielder,Crystal Palace,Premier League,France,9.13917525773196,,,,75.0,,,29.74,,816.0,1041.0,,,,23.31,28.77,,,,,,,,,,,1.94,0.42,2.4,68.0
Miguel Almirón,30,Midfielder,Newcastle United,Premier League,Paraguay,8.667525773195877,,,,74.0,,,27.09,,780.0,921.0,,,,22.94,27.98,,,,,,,,,,,0.76,0.47,0.93,26.0
Mohamed Elyounoussi,29,Midfielder,Southampton,Premier League,Norway,8.641752577319588,,,,66.0,,,17.45,,394.0,576.0,,,,11.94,16.27,,,,,,,,,,,0.55,0.08,0.74,18.0
Mohamed Salah,31,Forward,Liverpool,Premier League,Egypt,9.314432989690722,,,,,,,29.34,,,,,,,22.97,23.83,,,,1.24,2.55,1.28,2.13,0.9,2.98,174.0,,,,
Moisés Caicedo,22,Midfielder,Brighton & Hove Albion,Premier League,Ecuador,8.951030927835053,,,,85.0,,,56.0,,1833.0,2072.0,,,,49.54,53.81,,,,,,,,,,,1.16,0.06,1.26,43.0
Morgan Gibbs-White,24,Midfielder,Nottingham Forest,Premier League,England,9.195876288659797,,,,85.0,,,26.03,,661.0,937.0,,,,18.36,19.38,,,,,,,,,,,1.75,0.37,1.85,63.0
Nélson Semedo,30,Defender,Wolverhampton Wanderers,Premier League,Portugal,8.708762886597938,136.0,13.0,0.99,73.0,40.0,1.74,31.59,1.03,829.0,1011.0,,,,,,,,,,,,,,,,,,,
Nick Pope,31,Goalkeeper,Newcastle United,Premier League,England,8.850515463917526,,,,,,,17.84,,,660.0,73.11,2.35,87.0,10.49,10.71,11.0,0.05,2.4,,,,,,,,,,,
Norberto Neto,34,Goalkeeper,AFC Bournemouth,Premier League,Brazil,9.04896907216495,,,,,,,25.63,,,692.0,71.94,3.7,100.0,14.37,14.64,15.0,0.15,3.77,,,,,,,,,,,
Oleksandr Zinchenko,27,Midfielder,Arsenal,Premier League,Ukraine,9.012886597938145,,,,79.0,,,63.0,,1495.0,1701.0,,,,55.37,62.99,,,,,,,,,,,0.74,0.13,0.84,20.0
Ollie Watkins,28,Forward,Aston Villa,Premier League,England,8.811855670103094,,,,,,,14.73,,,,,,,10.43,11.08,,,,0.46,1.86,1.35,1.18,1.06,3.99,209.0,,,,
Pascal Groß,32,Midfielder,Brighton & Hove Albion,Premier League,Germany,9.420103092783505,,,,88.0,,,51.54,,1642.0,1907.0,,,,44.38,46.59,,,,,,,,,,,2.11,0.47,2.21,78.0
Pascal Struijk,24,Defender,Leeds United,Premier League,Netherlands,8.551546391752577,160.0,13.0,2.21,76.0,42.79,1.23,36.1,1.06,836.0,1047.0,,,,,,,,,,,,,,,,,,,
Pervis Estupiñán,26,Defender,Brighton & Hove Albion,Premier League,Ecuador,8.695876288659793,133.0,8.0,1.13,77.0,52.72,1.44,43.91,0.79,1286.0,1537.0,,,,,,,,,,,,,,,,,,,
Philip Billing,27,Midfielder,AFC Bournemouth,Premier League,Denmark,8.695876288659795,,,,77.0,,,27.37,,755.0,958.0,,,,21.57,24.99,,,,,,,,,,,0.69,0.26,0.79,24.0
Pierre-Emile Højbjerg,28,Midfielder,Tottenham Hotspur,Premier League,Denmark,9.182989690721651,,,,90.0,,,63.12,,1903.0,2146.0,,,,55.97,56.28,,,,,,,,,,,0.88,0.26,0.89,30.0
Remo Freuler,31,Midfielder,Nottingham Forest,Premier League,Switzerland,8.559278350515465,,,,77.0,,,29.3,,627.0,791.0,,,,23.22,27.21,,,,,,,,,,,0.41,0.0,0.48,11.0
Renan Lodi,25,Defender,Nottingham Forest,Premier League,Brazil,8.677835051546392,123.0,6.0,0.7,79.0,26.85,1.15,24.22,1.19,469.0,654.0,,,,,,,,,,,,,,,,,,,
Rico Henry,26,Defender,Brentford,Premier League,England,8.708762886597938,143.0,8.0,1.05,88.0,27.01,0.85,26.43,0.44,701.0,925.0,,,,,,,,,,,,,,,,,,,
Robert Sánchez,26,Goalkeeper,Brighton & Hove Albion,Premier League,Spain,8.82216494845361,,,,,,,29.04,,,668.0,61.54,2.09,48.0,21.61,21.61,9.0,0.0,2.09,,,,,,,,,,,
Robin Koch,27,Defender,Leeds United,Premier League,Germany,8.744845360824742,169.0,22.0,2.94,88.0,43.95,1.02,43.09,0.85,1162.0,1508.0,,,,,,,,,,,,,,,,,,,
Rodri,27,Midfielder,Manchester City,Premier League,Spain,9.180412371134022,,,,81.0,,,81.56,,2683.0,2936.0,,,,74.53,82.7,,,,,,,,,,,0.92,0.25,1.02,33.0
Roméo Lavia,20,Midfielder,Southampton,Premier League,Belgium,8.695876288659793,,,,80.0,,,33.25,,799.0,931.0,,,,28.54,33.6,,,,,,,,,,,0.57,0.04,0.67,16.0
Rúben Neves,27,Midfielder,Wolverhampton Wanderers,Premier League,Portugal,9.09020618556701,,,,86.0,,,55.88,,1545.0,1844.0,,,,46.82,48.94,,,,,,,,,,,0.91,0.21,0.95,30.0
Saïd Benrahma,28,Forward,West Ham United,Premier League,Algeria,8.760309278350515,,,,,,,20.09,,,,,,,16.5,25.12,,,,1.38,1.47,1.21,1.88,0.63,4.03,345.0,,,,
Sean Longstaff,26,Midfielder,Newcastle United,Premier League,England,8.677835051546392,,,,76.0,,,33.58,,917.0,1108.0,,,,27.79,32.79,,,,,,,,,,,0.7,0.18,0.82,23.0
Solly March,29,Midfielder,Brighton & Hove Albion,Premier League,England,9.113402061855671,,,,83.0,,,32.39,,840.0,1069.0,,,,25.45,28.33,,,,,,,,,,,1.94,0.43,2.16,64.0
Sven Botman,24,Defender,Newcastle United,Premier League,Netherlands,8.909793814432991,124.0,23.0,2.13,87.0,49.32,0.43,47.61,0.17,1489.0,1714.0,,,,,,,,,,,,,,,,,,,
Thiago Silva,39,Defender,Chelsea,Premier League,Brazil,8.876288659793815,116.0,29.0,2.37,87.0,75.57,0.38,73.15,0.31,1800.0,1975.0,,,,,,,,,,,,,,,,,,,
Thilo Kehrer,27,Defender,West Ham United,Premier League,Germany,8.86855670103093,95.0,6.0,1.41,83.0,39.35,1.29,36.11,0.69,830.0,975.0,,,,,,,,,,,,,,,,,,,
Thomas Partey,30,Midfielder,Arsenal,Premier League,Ghana,8.981958762886599,,,,75.0,,,58.48,,1698.0,1930.0,,,,51.45,61.5,,,,,,,,,,,0.79,0.11,0.94,26.0
Tim Ream,36,Defender,Fulham,Premier League,USA,8.88659793814433,88.0,24.0,1.31,88.0,56.82,0.54,55.44,0.48,1548.0,1774.0,,,,,,,,,,,,,,,,,,,
Timothy Castagne,28,Defender,Leicester City,Premier League,Belgium,8.762886597938145,154.0,12.0,1.48,88.0,41.02,0.71,40.08,0.94,1166.0,1443.0,,,,,,,,,,,,,,,,,,,
Tomáš Souček,29,Midfielder,West Ham United,Premier League,Czech Republic,8.765463917525775,,,,78.0,,,25.56,,662.0,920.0,,,,18.39,21.59,,,,,,,,,,,0.39,0.16,0.46,14.0
Tosin Adarabioyo,26,Defender,Fulham,Premier League,England,8.835051546391753,88.0,14.0,2.21,87.0,52.83,0.68,48.75,0.27,966.0,1170.0,,,,,,,,,,,,,,,,,,,
Trent Alexander-Arnold,25,Defender,Liverpool,Premier League,England,8.943298969072167,104.0,7.0,0.58,79.0,70.01,0.68,61.62,0.98,1796.0,2280.0,,,,,,,,,,,,,,,,,,,
Tyler Adams,25,Midfielder,Leeds United,Premier League,USA,9.00257731958763,,,,90.0,,,54.65,,1030.0,1257.0,,,,44.78,44.85,,,,,,,,,,,1.04,0.0,1.04,24.0
Tyrick Mitchell,24,Defender,Crystal Palace,Premier League,England,8.693298969072165,106.0,9.0,0.7,80.0,36.42,1.03,32.32,0.66,782.0,1099.0,,,,,,,,,,,,,,,,,,,
Tyrone Mings,31,Defender,Aston Villa,Premier League,England,8.920103092783506,102.0,21.0,1.71,90.0,52.17,0.49,52.17,0.23,1555.0,1826.0,,,,,,,,,,,,,,,,,,,
Vicente Guaita,37,Goalkeeper,Crystal Palace,Premier League,Spain,9.074742268041238,,,,,,,25.77,,,670.0,71.55,3.19,83.0,17.12,17.12,16.0,0.12,3.19,,,,,,,,,,,
Virgil van Dijk,32,Defender,Liverpool,Premier League,Netherlands,8.992268041237114,125.0,16.0,3.01,89.0,81.05,0.35,79.81,0.32,2309.0,2554.0,,,,,,,,,,,,,,,,,,,
Vitalii Mykolenko,24,Defender,Everton,Premier League,Ukraine,8.739690721649485,109.0,16.0,0.81,78.0,33.49,0.95,28.91,0.81,726.0,954.0,,,,,,,,,,,,,,,,,,,
Vitaly Janelt,25,Midfielder,Brentford,Premier League,Germany,8.884020618556702,,,,63.0,,,27.91,,769.0,949.0,,,,22.62,31.75,,,,,,,,,,,0.44,0.16,0.62,15.0
Vladimír Coufal,31,Defender,West Ham United,Premier League,Czech Republic,8.724226804123711,116.0,6.0,1.68,79.0,33.27,1.18,29.3,0.55,527.0,791.0,,,,,,,,,,,,,,,,,,,
Wilfried Zaha,31,Forward,Crystal Palace,Premier League,Ivory Coast,9.041237113402062,,,,,,,22.27,,,,,,,18.15,19.29,,,,1.81,1.46,0.9,3.31,2.94,6.38,328.0,,,,
William Saliba,23,Defender,Arsenal,Premier League,France,9.036082474226804,105.0,10.0,1.86,89.0,69.1,0.71,68.7,0.11,1692.0,1855.0,,,,,,,,,,,,,,,,,,,
Willian,35,Forward,Fulham,Premier League,Brazil,8.845360824742269,,,,,,,29.46,,,,,,,24.12,27.31,,,,1.31,0.96,0.74,1.05,1.05,3.35,429.0,,,,
Wout Faes,25,Defender,Leicester City,Premier League,Belgium,8.786082474226806,134.0,32.0,1.87,90.0,57.06,0.77,57.0,0.43,1467.0,1710.0,,,,,,,,,,,,,,,,,,,
Youri Tielemans,26,Midfielder,Leicester City,Premier League,Belgium,8.961340206185568,,,,76.0,,,49.58,,1256.0,1537.0,,,,40.52,48.08,,,,,,,,,,,0.97,0.19,1.15,30.0
Łukasz Fabiański,38,Goalkeeper,West Ham United,Premier League,Poland,8.899484536082475,,,,,,,21.31,,,767.0,68.63,2.92,105.0,12.22,12.72,22.0,0.11,3.03,,,,,,,,,,,
Alex Král,25,Midfielder,Schalke 04,Bundesliga,Czech Republic,8.546391752577321,,,,81.0,,,27.55,,573.0,799.0,,,,19.76,22.58,,,,,,,,,,,0.38,0.0,0.43,11.0
Alexander Schwolow,31,Goalkeeper,Schalke 04,Bundesliga,Germany,8.832474226804125,,,,,,,33.48,,,770.0,58.39,3.48,80.0,21.22,21.59,10.0,0.17,3.54,,,,,,,,,,,
Alphonso Davies,23,Forward,Bayern Munich,Bundesliga,Canada,8.724226804123713,,,,,,,51.32,,,,,,,44.64,50.52,,,,2.68,0.52,0.36,1.22,1.18,6.34,2047.0,,,,
Andrej Kramarić,32,Forward,Hoffenheim,Bundesliga,Croatia,8.855670103092784,,,,,,,28.09,,,,,,,23.25,28.3,,,,0.62,1.47,0.95,1.37,1.29,2.62,199.0,,,,
Anthony Caci,26,Midfielder,Mainz 05,Bundesliga,France,8.734536082474227,,,,66.0,,,29.28,,632.0,849.0,,,,21.79,30.63,,,,,,,,,,,0.59,0.13,0.82,17.0
Anthony Jung,32,Defender,Werder Bremen,Bundesliga,Germany,8.739690721649485,112.0,6.0,1.26,78.0,38.64,0.8,33.48,0.84,843.0,1105.0,,,,,,,,,,,,,,,,,,,
Anthony Losilla,38,Midfielder,Bochum,Bundesliga,France,8.855670103092784,,,,88.0,,,30.45,,646.0,944.0,,,,20.84,21.34,,,,,,,,,,,0.45,0.13,0.46,14.0
Anton Stach,25,Midfielder,Mainz 05,Bundesliga,Germany,8.806701030927837,,,,69.0,,,27.5,,557.0,770.0,,,,19.89,26.27,,,,,,,,,,,1.0,0.22,1.32,28.0
Benjamin Henrichs,27,Defender,RB Leipzig,Bundesliga,Germany,8.768041237113403,130.0,2.0,1.02,73.0,51.61,1.42,40.1,0.93,904.0,1163.0,,,,,,,,,,,,,,,,,,,
Benjamin Pavard,28,Defender,Bayern Munich,Bundesliga,France,8.899484536082474,138.0,14.0,2.11,81.0,78.93,1.02,69.67,0.34,1877.0,2090.0,,,,,,,,,,,,,,,,,,,
Benno Schmitz,29,Defender,Köln,Bundesliga,Germany,8.75515463917526,112.0,4.0,1.15,78.0,40.89,1.19,35.61,1.44,699.0,1104.0,,,,,,,,,,,,,,,,,,,
Bote Baku,26,Midfielder,Wolfsburg,Bundesliga,Germany,8.806701030927835,,,,78.0,,,37.38,,946.0,1196.0,,,,29.56,33.76,,,,,,,,,,,0.84,0.28,0.96,27.0
Cédric Brunner,30,Defender,Schalke 04,Bundesliga,Switzerland,8.662371134020619,115.0,7.0,1.36,83.0,33.17,1.32,29.64,0.56,586.0,830.0,,,,,,,,,,,,,,,,,,,
Christian Günter,31,Defender,Freiburg,Bundesliga,Germany,8.61340206185567,66.0,4.0,0.43,83.0,31.3,1.03,28.67,0.89,724.0,946.0,,,,,,,,,,,,,,,,,,,
Christoph Baumgartner,24,Midfielder,Hoffenheim,Bundesliga,Austria,8.951030927835053,,,,78.0,,,25.18,,568.0,831.0,,,,17.21,19.94,,,,,,,,,,,0.7,0.35,0.81,23.0
Christoph Kramer,33,Midfielder,Borussia M'gladbach,Bundesliga,Germany,8.755154639175258,,,,77.0,,,43.0,,1008.0,1204.0,,,,36.0,40.68,,,,,,,,,,,0.54,0.0,0.61,15.0
Daichi Kamada,27,Midfielder,Eintracht Frankfurt,Bundesliga,Japan,8.750000000000002,,,,71.0,,,36.31,,973.0,1162.0,,,,30.41,38.76,,,,,,,,,,,1.06,0.59,1.35,34.0
Danilho Doekhi,25,Defender,Union Berlin,Bundesliga,Netherlands,8.832474226804125,114.0,11.0,2.51,89.0,38.34,0.86,37.32,0.45,745.0,933.0,,,,,,,,,,,,,,,,,,,
Dayot Upamecano,25,Defender,Bayern Munich,Bundesliga,France,9.028350515463918,134.0,6.0,1.86,81.0,86.75,1.12,77.38,0.62,2035.0,2244.0,,,,,,,,,,,,,,,,,,,
Diogo Leite,25,Defender,Union Berlin,Bundesliga,Portugal,8.896907216494848,137.0,14.0,2.72,81.0,54.1,1.76,48.39,0.44,1061.0,1355.0,,,,,,,,,,,,,,,,,,,
Djibril Sow,27,Midfielder,Eintracht Frankfurt,Bundesliga,Switzerland,8.84278350515464,,,,83.0,,,47.28,,1296.0,1513.0,,,,40.5,44.02,,,,,,,,,,,0.56,0.14,0.61,18.0
Dodi Lukebakio,26,Midfielder,Hertha BSC,Bundesliga,Belgium,8.791237113402062,,,,75.0,,,16.88,,398.0,540.0,,,,12.44,14.89,,,,,,,,,,,0.91,0.52,1.08,29.0
Dominik Kohr,30,Midfielder,Mainz 05,Bundesliga,Germany,8.920103092783505,,,,77.0,,,38.39,,793.0,1075.0,,,,28.32,33.74,,,,,,,,,,,0.43,0.12,0.51,12.0
Dominik Szoboszlai,23,Midfielder,RB Leipzig,Bundesliga,Hungary,9.203608247422682,,,,79.0,,,42.67,,1063.0,1280.0,,,,35.43,41.61,,,,,,,,,,,2.17,0.51,2.54,65.0
Edimilson Fernandes,28,Midfielder,Mainz 05,Bundesliga,Switzerland,8.726804123711341,,,,76.0,,,32.43,,719.0,973.0,,,,23.97,28.58,,,,,,,,,,,0.5,0.11,0.6,15.0
Edmond Tapsoba,25,Defender,Bayer Leverkusen,Bundesliga,Burkina Faso,8.932989690721651,137.0,18.0,1.72,87.0,68.51,0.88,66.27,0.38,1880.0,2187.0,,,,,,,,,,,,,,,,,,,
Ellyes Skhiri,28,Midfielder,Köln,Bundesliga,France,9.13659793814433,,,,89.0,,,52.41,,1483.0,1677.0,,,,46.34,46.72,,,,,,,,,,,0.81,0.25,0.82,26.0
Elvis Rexhbecaj,26,Midfielder,Augsburg,Bundesliga,Germany,8.608247422680414,,,,82.0,,,27.07,,558.0,812.0,,,,18.6,21.14,,,,,,,,,,,0.37,0.0,0.42,11.0
Erhan Mašović,25,Midfielder,Bochum,Bundesliga,Serbia,8.533505154639176,,,,75.0,,,26.41,,621.0,766.0,,,,21.41,26.6,,,,,,,,,,,0.28,0.17,0.34,8.0
Eric Martel,21,Midfielder,Köln,Bundesliga,Germany,8.582474226804125,,,,70.0,,,30.03,,693.0,871.0,,,,23.9,30.86,,,,,,,,,,,0.24,0.09,0.31,7.0
Ermedin Demirović,26,Forward,Augsburg,Bundesliga,Bosnia and Herzegovina,8.829896907216495,,,,,,,16.1,,,,,,,8.13,9.22,,,,0.6,1.7,0.87,1.29,1.1,5.14,298.0,,,,
Florian Kainz,31,Midfielder,Köln,Bundesliga,Austria,9.20360824742268,,,,74.0,,,28.44,,667.0,910.0,,,,20.84,25.33,,,,,,,,,,,2.25,0.61,2.73,72.0
Frederik Rønnow,31,Goalkeeper,Union Berlin,Bundesliga,Denmark,8.992268041237114,,,,,,,39.79,,,1154.0,77.97,3.17,92.0,26.34,26.62,16.0,0.14,3.21,,,,,,,,,,,
Gregor Kobel,26,Goalkeeper,Borussia Dortmund,Bundesliga,Switzerland,9.015463917525775,,,,,,,34.04,,,919.0,72.65,3.15,85.0,27.81,28.13,10.0,0.15,3.18,,,,,,,,,,,
Hiroki Ito,24,Midfielder,Stuttgart,Bundesliga,Japan,9.059278350515465,,,,85.0,,,65.67,,1641.0,1970.0,,,,54.7,57.65,,,,,,,,,,,0.7,0.07,0.74,21.0
Ivan Ordets,31,Defender,Bochum,Bundesliga,Ukraine,8.853092783505156,186.0,15.0,4.85,82.0,36.46,1.18,33.1,0.44,722.0,993.0,,,,,,,,,,,,,,,,,,,
Jakub Kamiński,21,Midfielder,Wolfsburg,Bundesliga,Poland,8.646907216494846,,,,67.0,,,18.3,,414.0,549.0,,,,13.8,18.81,,,,,,,,,,,0.8,0.26,1.09,24.0
Jamal Musiala,21,Midfielder,Bayern Munich,Bundesliga,Germany,8.719072164948454,,,,67.0,,,29.31,,803.0,938.0,,,,25.09,33.24,,,,,,,,,,,1.5,0.9,1.99,48.0
Janik Haberer,30,Midfielder,Union Berlin,Bundesliga,Germany,8.734536082474229,,,,69.0,,,19.81,,471.0,634.0,,,,14.72,19.33,,,,,,,,,,,0.69,0.24,0.9,22.0
Janis Blaswich,32,Goalkeeper,RB Leipzig,Bundesliga,Germany,8.693298969072165,,,,,,,36.44,,,911.0,62.69,1.68,42.0,31.28,32.25,15.0,0.12,1.73,,,,,,,,,,,
Jeffrey Gouweleeuw,32,Defender,Augsburg,Bundesliga,Netherlands,8.688144329896907,133.0,22.0,2.5,87.0,45.29,0.98,43.16,0.68,943.0,1338.0,,,,,,,,,,,,,,,,,,,
Jeremie Frimpong,23,Midfielder,Bayer Leverkusen,Bundesliga,England,9.07216494845361,,,,80.0,,,27.53,,757.0,936.0,,,,22.26,25.03,,,,,,,,,,,1.32,0.5,1.49,45.0
Jiří Pavlenka,32,Goalkeeper,Werder Bremen,Bundesliga,Czech Republic,8.768041237113403,,,,,,,30.38,,,972.0,63.52,3.16,101.0,20.41,20.85,22.0,0.22,3.22,,,,,,,,,,,
Jonas Hector,33,Defender,Köln,Bundesliga,Germany,8.914948453608249,269.0,9.0,1.69,88.0,45.57,0.73,44.72,1.34,1134.0,1431.0,,,,,,,,,,,,,,,,,,,
Jonas Hofmann,31,Midfielder,Borussia M'gladbach,Bundesliga,Germany,9.453608247422682,,,,87.0,,,41.61,,1042.0,1290.0,,,,33.61,34.82,,,,,,,,,,,3.16,0.7,3.28,98.0
Jonathan Tah,28,Defender,Bayer Leverkusen,Bundesliga,Germany,8.734536082474229,87.0,18.0,1.96,75.0,58.84,0.8,49.21,0.18,1449.0,1624.0,,,,,,,,,,,,,,,,,,,
Jonjoe Kenny,27,Defender,Hertha BSC,Bundesliga,England,8.536082474226804,91.0,9.0,1.04,77.0,36.55,1.16,31.41,0.72,680.0,911.0,,,,,,,,,,,,,,,,,,,
José Ángel Esmoris Tasende,27,Defender,Hoffenheim,Bundesliga,Spain,8.68298969072165,94.0,5.0,0.45,79.0,36.36,0.42,31.76,0.38,714.0,1048.0,,,,,,,,,,,,,,,,,,,
Joseph Scally,21,Defender,Borussia M'gladbach,Bundesliga,USA,8.608247422680414,110.0,6.0,0.73,79.0,37.42,0.53,32.89,0.28,714.0,921.0,,,,,,,,,,,,,,,,,,,
Joshua Kimmich,29,Midfielder,Bayern Munich,Bundesliga,Germany,9.399484536082475,,,,85.0,,,71.42,,2114.0,2357.0,,,,64.06,68.81,,,,,,,,,,,2.36,0.35,2.54,78.0
Joško Gvardiol,22,Defender,RB Leipzig,Bundesliga,Croatia,8.940721649484537,88.0,14.0,1.77,72.0,87.21,0.84,67.83,0.49,1745.0,1967.0,,,,,,,,,,,,,,,,,,,
Jude Bellingham,20,Midfielder,Borussia Dortmund,Bundesliga,England,9.20618556701031,,,,87.0,,,49.7,,1242.0,1491.0,,,,41.4,43.41,,,,,,,,,,,1.1,0.4,1.15,33.0
Julian Brandt,27,Midfielder,Borussia Dortmund,Bundesliga,Germany,9.41237113402062,,,,75.0,,,36.42,,950.0,1129.0,,,,30.65,36.73,,,,,,,,,,,2.32,0.63,2.78,72.0
Julian Ryerson,26,Defender,Borussia Dortmund,Bundesliga,Norway,8.961340206185568,131.0,5.0,0.63,82.0,42.02,1.15,37.83,0.78,916.0,1135.0,,,,,,,,,,,,,,,,,,,
Karim Onisiwo,32,Midfielder,Mainz 05,Bundesliga,Austria,8.804123711340207,,,,82.0,,,17.93,,322.0,538.0,,,,10.73,11.52,,,,,,,,,,,1.07,0.42,1.15,32.0
Kevin Stöger,30,Forward,Bochum,Bundesliga,Austria,8.989690721649485,,,,,,,42.81,,,,,,,31.75,35.87,,,,0.69,1.03,0.49,1.27,1.87,5.93,521.0,,,,
Kevin Trapp,33,Goalkeeper,Eintracht Frankfurt,Bundesliga,Germany,8.70360824742268,,,,,,,22.79,,,752.0,61.07,2.42,80.0,14.85,14.85,10.0,0.12,2.42,,,,,,,,,,,
Koen Casteels,31,Goalkeeper,Wolfsburg,Bundesliga,Belgium,9.007731958762887,,,,,,,41.06,,,1355.0,68.46,3.09,102.0,30.06,30.06,8.0,0.09,3.09,,,,,,,,,,,
Konstantinos Mavropanos,26,Defender,Stuttgart,Bundesliga,Greece,8.979381443298971,166.0,18.0,3.19,82.0,54.5,0.94,49.46,0.31,1156.0,1385.0,,,,,,,,,,,,,,,,,,,
Kouadio Kone,22,Midfielder,Borussia M'gladbach,Bundesliga,France,8.93298969072165,,,,87.0,,,45.37,,1186.0,1361.0,,,,39.53,40.74,,,,,,,,,,,0.67,0.07,0.69,20.0
Leandro Barreiro,24,Midfielder,Mainz 05,Bundesliga,Luxembourg,8.75515463917526,,,,69.0,,,17.03,,344.0,494.0,,,,11.86,15.5,,,,,,,,,,,0.55,0.29,0.72,16.0
Leroy Sané,28,Midfielder,Bayern Munich,Bundesliga,Germany,8.672680412371134,,,,63.0,,,31.22,,827.0,999.0,,,,25.84,37.59,,,,,,,,,,,1.06,0.67,1.55,34.0
Linton Mania,24,Midfielder,Köln,Bundesliga,Germany,9.13917525773196,,,,68.0,,,17.58,,449.0,580.0,,,,13.61,17.89,,,,,,,,,,,1.09,0.4,1.43,36.0
Lucas Silva Melo,24,Defender,Eintracht Frankfurt,Bundesliga,Brazil,8.662371134020619,133.0,14.0,1.56,88.0,59.5,1.1,57.71,0.7,1445.0,1789.0,,,,,,,,,,,,,,,,,,,
Lucas Tousart,26,Midfielder,Hertha BSC,Bundesliga,France,8.847938144329898,,,,89.0,,,25.79,,530.0,851.0,,,,16.06,16.18,,,,,,,,,,,0.58,0.21,0.58,19.0
Lukáš Hrádecký,34,Goalkeeper,Bayer Leverkusen,Bundesliga,Finland,8.84536082474227,,,,,,,28.58,,,943.0,67.81,3.0,99.0,19.55,19.55,9.0,0.0,3.0,,,,,,,,,,,
Manuel Riemann,35,Goalkeeper,Bochum,Bundesliga,Germany,8.95876288659794,,,,,,,47.56,,,1617.0,65.0,3.82,130.0,27.79,28.47,29.0,0.12,3.92,,,,,,,,,,,
Marc-Oliver Kempf,29,Defender,Hertha BSC,Bundesliga,Germany,8.953608247422682,204.0,32.0,4.25,88.0,43.17,0.9,41.97,0.17,1012.0,1301.0,,,,,,,,,,,,,,,,,,,
Marco Friedl,26,Defender,Werder Bremen,Bundesliga,Austria,8.878865979381445,132.0,16.0,1.58,87.0,56.43,0.83,54.21,0.79,1288.0,1572.0,,,,,,,,,,,,,,,,,,,
Marcus Thuram,26,Forward,Borussia M'gladbach,Bundesliga,France,9.085051546391753,,,,,,,18.23,,,,,,,13.7,14.69,,,,1.3,2.6,1.57,1.68,1.57,4.97,194.0,,,,
Mario Götze,31,Midfielder,Eintracht Frankfurt,Bundesliga,Germany,8.811855670103094,,,,86.0,,,43.03,,1078.0,1377.0,,,,33.69,35.28,,,,,,,,,,,1.38,0.13,1.44,44.0
Marius Bülter,31,Midfielder,Schalke 04,Bundesliga,Germany,8.793814432989691,,,,79.0,,,18.24,,393.0,602.0,,,,11.91,13.97,,,,,,,,,,,1.18,0.41,1.39,39.0
Mark Flekken,30,Goalkeeper,Freiburg,Bundesliga,Netherlands,8.917525773195878,,,,,,,38.29,,,1302.0,70.07,3.03,103.0,26.35,26.6,15.0,0.09,3.06,,,,,,,,,,,
Marvin Ducksch,30,Forward,Werder Bremen,Bundesliga,Germany,9.149484536082475,,,,,,,22.39,,,,,,,15.39,16.36,,,,0.33,2.21,1.42,0.55,0.48,1.93,239.0,,,,
Marvin Plattenhardt,32,Defender,Hertha BSC,Bundesliga,Germany,8.68298969072165,98.0,10.0,0.79,78.0,29.28,0.79,25.26,0.64,584.0,783.0,,,,,,,,,,,,,,,,,,,
Marvin Schwäbe,29,Goalkeeper,Köln,Bundesliga,Germany,8.75,,,,,,,37.41,,,1272.0,59.4,2.32,79.0,28.76,28.76,10.0,0.06,2.32,,,,,,,,,,,
Mats Hummels,35,Defender,Borussia Dortmund,Bundesliga,Germany,9.051546391752577,154.0,15.0,3.16,70.0,74.01,0.81,54.63,1.04,1440.0,1639.0,,,,,,,,,,,,,,,,,,,
Matthias Ginter,30,Defender,Freiburg,Bundesliga,Germany,8.93556701030928,189.0,25.0,3.44,90.0,54.59,0.65,54.09,0.36,1520.0,1839.0,,,,,,,,,,,,,,,,,,,
Matthijs de Ligt,24,Defender,Bayern Munich,Bundesliga,Netherlands,9.059278350515465,133.0,20.0,3.29,78.0,74.61,0.69,63.0,0.34,1783.0,1953.0,,,,,,,,,,,,,,,,,,,
Maximilian Arnold,29,Midfielder,Wolfsburg,Bundesliga,Germany,9.172680412371136,,,,87.0,,,43.52,,1111.0,1349.0,,,,35.84,37.24,,,,,,,,,,,1.19,0.26,1.24,37.0
Maximilian Eggestein,27,Midfielder,Freiburg,Bundesliga,Germany,8.827319587628867,,,,79.0,,,26.45,,641.0,820.0,,,,20.68,23.76,,,,,,,,,,,0.71,0.11,0.82,22.0
Maya Yoshida,35,Defender,Schalke 04,Bundesliga,Japan,8.86855670103093,136.0,29.0,2.94,88.0,50.01,0.73,47.52,0.4,1067.0,1378.0,,,,,,,,,,,,,,,,,,,
Michael Gregoritsch,30,Forward,Freiburg,Bundesliga,Austria,8.948453608247425,,,,,,,16.33,,,,,,,9.23,11.62,,,,0.33,1.87,1.55,0.92,1.8,8.56,217.0,,,,
Mickey van de Ven,23,Defender,Wolfsburg,Bundesliga,Netherlands,8.909793814432991,122.0,24.0,1.09,90.0,49.81,0.72,49.81,0.38,1404.0,1594.0,,,,,,,,,,,,,,,,,,,
Milos Veljkovic,28,Midfielder,Werder Bremen,Bundesliga,Serbia,8.809278350515465,,,,78.0,,,47.21,,1083.0,1322.0,,,,38.68,44.83,,,,,,,,,,,0.25,0.08,0.29,7.0
Mitchell Weiser,30,Midfielder,Werder Bremen,Bundesliga,Germany,9.234536082474229,,,,84.0,,,32.71,,645.0,916.0,,,,23.04,24.09,,,,,,,,,,,1.39,0.39,1.46,39.0
Moussa Diaby,24,Forward,Bayer Leverkusen,Bundesliga,France,8.953608247422682,,,,,,,26.33,,,,,,,20.91,22.85,,,,1.42,1.85,1.16,1.42,0.76,2.85,302.0,,,,
Niclas Füllkrug,31,Forward,Werder Bremen,Bundesliga,Germany,9.265463917525775,,,,,,,30.26,,,,,,,19.41,19.73,,,,0.93,2.26,1.24,1.96,1.62,7.95,155.0,,,,
Nico Elvedi,27,Defender,Borussia M'gladbach,Bundesliga,Switzerland,8.829896907216497,131.0,16.0,2.26,88.0,68.23,0.8,67.0,0.41,1962.0,2144.0,,,,,,,,,,,,,,,,,,,
Nico Schlotterbeck,24,Defender,Borussia Dortmund,Bundesliga,Germany,8.987113402061855,149.0,20.0,2.48,81.0,75.35,0.64,67.39,0.64,1643.0,1887.0,,,,,,,,,,,,,,,,,,,
Nicolas Höfler,34,Midfielder,Freiburg,Bundesliga,Germany,8.81701030927835,,,,88.0,,,42.03,,1127.0,1345.0,,,,35.22,36.3,,,,,,,,,,,0.16,0.03,0.16,5.0
Niklas Stark,29,Defender,Werder Bremen,Bundesliga,Germany,8.902061855670103,123.0,13.0,2.13,77.0,53.76,1.72,45.69,0.68,979.0,1188.0,,,,,,,,,,,,,,,,,,,
Niklas Süle,28,Defender,Borussia Dortmund,Bundesliga,Germany,8.737113402061857,69.0,19.0,1.38,73.0,75.74,0.34,60.62,0.34,1605.0,1758.0,,,,,,,,,,,,,,,,,,,
Obite Evan N'Dicka,24,Defender,Eintracht Frankfurt,Bundesliga,France,8.902061855670103,124.0,19.0,2.64,90.0,59.62,1.04,59.47,0.47,1540.0,1784.0,,,,,,,,,,,,,,,,,,,
Oliver Baumann,33,Goalkeeper,Hoffenheim,Bundesliga,Germany,8.780927835051548,,,,,,,36.0,,,1224.0,63.46,2.91,99.0,26.15,26.36,14.0,0.0,2.94,,,,,,,,,,,
Oliver Christensen,25,Goalkeeper,Hertha BSC,Bundesliga,Denmark,8.765463917525775,,,,,,,31.55,,,1041.0,59.04,2.97,98.0,18.42,18.42,23.0,0.24,2.97,,,,,,,,,,,
Ozan Kabak,24,Defender,Hoffenheim,Bundesliga,Turkey,8.984536082474227,163.0,23.0,3.05,80.0,46.94,2.03,41.6,0.45,1043.0,1248.0,,,,,,,,,,,,,,,,,,,
Paulo Otavio Rosa Silva,29,Defender,Wolfsburg,Bundesliga,Brazil,8.734536082474229,154.0,6.0,1.24,82.0,39.52,1.06,35.88,1.01,645.0,861.0,,,,,,,,,,,,,,,,,,,
Philipp Hofmann,31,Forward,Bochum,Bundesliga,Germany,8.91237113402062,,,,,,,20.85,,,,,,,12.32,14.67,,,,0.24,1.12,0.74,1.19,1.37,9.35,330.0,,,,
Philipp Lienhart,27,Defender,Freiburg,Bundesliga,Austria,8.845360824742269,127.0,14.0,2.32,86.0,57.85,0.63,56.11,0.52,1337.0,1571.0,,,,,,,,,,,,,,,,,,,
Piero Hincapié,22,Defender,Bayer Leverkusen,Bundesliga,Ecuador,8.891752577319588,158.0,19.0,2.19,82.0,60.83,1.46,55.53,0.51,1388.0,1666.0,,,,,,,,,,,,,,,,,,,
Rafał Gikiewicz,36,Goalkeeper,Augsburg,Bundesliga,Poland,8.93814432989691,,,,,,,42.82,,,942.0,69.77,4.09,90.0,30.36,30.36,13.0,0.14,4.09,,,,,,,,,,,
Ramy Bensebaini,29,Defender,Borussia M'gladbach,Bundesliga,Algeria,9.100515463917526,159.0,13.0,2.5,89.0,44.76,0.87,44.18,0.43,961.0,1237.0,,,,,,,,,,,,,,,,,,,
Randal Kolo Muani,25,Forward,Eintracht Frankfurt,Bundesliga,France,9.041237113402062,,,,,,,19.22,,,,,,,12.94,14.08,,,,2.19,1.94,1.09,2.04,2.41,7.31,176.0,,,,
Rani Khedira,30,Midfielder,Union Berlin,Bundesliga,Germany,8.739690721649486,,,,87.0,,,30.64,,763.0,1011.0,,,,23.12,24.01,,,,,,,,,,,0.24,0.06,0.25,8.0
Raphaël Guerreiro,30,Defender,Borussia Dortmund,Bundesliga,Portugal,8.79639175257732,82.0,2.0,0.2,85.0,59.81,0.32,55.85,0.44,1288.0,1508.0,,,,,,,,,,,,,,,,,,,
Ritsu Doan,25,Forward,Freiburg,Bundesliga,Japan,8.793814432989691,,,,,,,17.52,,,,,,,12.79,15.67,,,,1.42,1.24,1.0,1.82,1.82,5.94,489.0,,,,
Robert Andrich,29,Midfielder,Bayer Leverkusen,Bundesliga,Germany,8.938144329896907,,,,83.0,,,49.28,,1204.0,1429.0,,,,41.52,44.98,,,,,,,,,,,0.62,0.15,0.67,18.0
Robert Gumny,25,Defender,Augsburg,Bundesliga,Poland,8.469072164948454,95.0,6.0,1.93,69.0,26.87,1.32,20.36,0.61,378.0,570.0,,,,,,,,,,,,,,,,,,,
Robin Knoche,31,Defender,Union Berlin,Bundesliga,Germany,8.963917525773198,128.0,18.0,1.7,90.0,51.1,0.44,50.62,0.73,1315.0,1620.0,,,,,,,,,,,,,,,,,,,
Robin Zentner,29,Goalkeeper,Mainz 05,Bundesliga,Germany,8.951030927835053,,,,,,,27.96,,,671.0,64.42,2.79,67.0,15.5,15.5,21.0,0.08,2.79,,,,,,,,,,,
Sheraldo Becker,29,Forward,Union Berlin,Bundesliga,Suriname,9.005154639175258,,,,,,,14.76,,,,,,,10.18,12.11,,,,0.74,1.35,0.91,1.26,0.91,2.8,235.0,,,,
Silla Wamangituka,24,Forward,Stuttgart,Bundesliga,Congo DR,8.644329896907218,,,,,,,11.83,,,,,,,9.43,12.62,,,,1.43,0.97,0.85,1.87,0.98,4.77,400.0,,,,
Stefan Bell,32,Defender,Mainz 05,Bundesliga,Germany,8.829896907216494,154.0,13.0,4.1,80.0,45.91,1.79,40.36,0.85,869.0,1130.0,,,,,,,,,,,,,,,,,,,
Suat Serdar,27,Midfielder,Hertha BSC,Bundesliga,Germany,8.623711340206185,,,,64.0,,,18.72,,429.0,599.0,,,,13.41,18.98,,,,,,,,,,,0.56,0.27,0.8,18.0
Timo Hübers,27,Defender,Köln,Bundesliga,Germany,8.786082474226804,164.0,14.0,3.31,88.0,59.57,1.09,58.38,0.95,1398.0,1693.0,,,,,,,,,,,,,,,,,,,
Tom Krauß,22,Midfielder,Schalke 04,Bundesliga,Germany,8.778350515463917,,,,79.0,,,23.78,,555.0,761.0,,,,17.34,20.34,,,,,,,,,,,0.31,0.07,0.37,10.0
Vincenzo Grifo,31,Midfielder,Freiburg,Bundesliga,Italy,9.329896907216497,,,,74.0,,,35.0,,908.0,1155.0,,,,27.52,33.62,,,,,,,,,,,1.67,0.74,2.04,55.0
Waldemar Anton,27,Defender,Stuttgart,Bundesliga,Germany,8.768041237113403,153.0,15.0,1.65,87.0,57.84,0.95,55.59,0.64,1510.0,1890.0,,,,,,,,,,,,,,,,,,,
Wataru Endo,31,Defender,Stuttgart,Bundesliga,Japan,8.84020618556701,223.0,6.0,2.22,89.0,44.95,1.23,44.27,1.26,1165.0,1461.0,,,,,,,,,,,,,,,,,,,
Willi Orban,31,Defender,RB Leipzig,Bundesliga,Germany,8.974226804123713,192.0,19.0,3.35,89.0,78.66,0.55,76.31,0.45,2179.0,2442.0,,,,,,,,,,,,,,,,,,,
Yann Sommer,35,Goalkeeper,Bayern Munich,Bundesliga,Switzerland,8.907216494845361,,,,,,,40.59,,,1177.0,66.37,2.59,75.0,33.79,34.43,12.0,0.03,2.63,,,,,,,,,,,
Aimar Oroz,22,Midfielder,CA Osasuna,La Liga,Spain,8.726804123711341,,,,65.0,,,25.94,,643.0,804.0,,,,20.74,28.63,,,,,,,,,,,1.1,0.4,1.51,34.0
Aleix García,26,Midfielder,Girona FC,La Liga,Spain,9.394329896907218,,,,78.0,,,48.33,,1291.0,1450.0,,,,43.03,49.63,,,,,,,,,,,2.23,0.23,2.58,67.0
Alejandro Balde,21,Defender,FC Barcelona,La Liga,Spain,8.77319587628866,140.0,3.0,0.69,75.0,51.12,0.94,42.64,0.62,1282.0,1407.0,,,,,,,,,,,,,,,,,,,
Alejandro Catena,29,Defender,Rayo Vallecano,La Liga,Spain,8.88659793814433,126.0,24.0,2.26,89.0,52.45,0.93,51.71,0.41,1500.0,1810.0,,,,,,,,,,,,,,,,,,,
Álex Berenguer,28,Forward,Athletic Club Bilbao,La Liga,Spain,8.824742268041238,,,,,,,20.59,,,,,,,15.49,22.41,,,,0.95,1.19,0.74,1.6,1.02,5.91,576.0,,,,
Álex Remiro,29,Goalkeeper,Real Sociedad,La Liga,Spain,8.896907216494846,,,,,,,30.74,,,1168.0,74.26,2.66,101.0,21.18,21.18,15.0,0.11,2.66,,,,,,,,,,,
Alexander Sørloth,28,Forward,Real Sociedad,La Liga,Norway,8.938144329896907,,,,,,,13.74,,,,,,,9.59,12.22,,,,0.79,1.56,1.05,2.4,0.6,4.46,200.0,,,,
Alfonso Espino,32,Defender,Cadiz,La Liga,Uruguay,8.809278350515465,183.0,9.0,0.95,87.0,32.94,1.41,31.75,1.3,769.0,1143.0,,,,,,,,,,,,,,,,,,,
Álvaro García,31,Forward,Rayo Vallecano,La Liga,Spain,8.860824742268042,,,,,,,23.31,,,,,,,16.63,18.14,,,,0.63,1.09,0.65,0.56,1.03,3.61,578.0,,,,
André Almeida,23,Midfielder,Valencia CF,La Liga,Portugal,8.958762886597938,,,,75.0,,,36.59,,1052.0,1244.0,,,,30.94,37.14,,,,,,,,,,,1.24,0.21,1.48,42.0
Antoine Griezmann,33,Forward,Atletico Madrid,La Liga,France,9.288659793814434,,,,,,,38.26,,,,,,,31.5,37.67,,,,1.18,2.29,1.42,1.16,1.29,5.03,191.0,,,,
Antonio Raíllo,32,Defender,RCD Mallorca,La Liga,Spain,9.043814432989691,151.0,30.0,3.06,89.0,35.16,1.37,34.87,0.16,898.0,1081.0,,,,,,,,,,,,,,,,,,,
Antonio Rüdiger,31,Defender,Real Madrid,La Liga,Germany,8.863402061855671,69.0,13.0,1.42,73.0,59.85,0.45,48.55,0.34,1474.0,1602.0,,,,,,,,,,,,,,,,,,,
Arnau Martinez,21,Defender,Girona FC,La Liga,Spain,8.84278350515464,192.0,10.0,1.12,83.0,41.42,1.18,38.18,1.45,1034.0,1260.0,,,,,,,,,,,,,,,,,,,
Aurélien Tchouaméni,24,Midfielder,Real Madrid,La Liga,France,9.11855670103093,,,,64.0,,,50.85,,1569.0,1678.0,,,,47.55,66.61,,,,,,,,,,,0.67,0.17,0.93,22.0
Axel Witsel,35,Midfielder,Atletico Madrid,La Liga,Belgium,8.649484536082475,,,,68.0,,,40.12,,1225.0,1324.0,,,,37.12,48.91,,,,,,,,,,,0.12,0.0,0.16,4.0
Borja Iglesias,31,Forward,Real Betis,La Liga,Spain,8.9819587628866,,,,,,,14.54,,,,,,,11.03,14.59,,,,0.26,1.37,1.02,1.4,2.0,3.44,159.0,,,,
Borja Mayoral,27,Forward,Getafe CF,La Liga,Spain,8.77061855670103,,,,,,,20.86,,,,,,,16.17,18.35,,,,0.63,1.11,0.68,1.78,1.23,3.37,347.0,,,,
Brais Méndez,27,Midfielder,Real Sociedad,La Liga,Spain,8.971649484536083,,,,71.0,,,34.59,,970.0,1176.0,,,,28.53,36.12,,,,,,,,,,,1.41,0.45,1.79,48.0
Brian Oliván,30,Defender,RCD Espanyol,La Liga,Spain,8.587628865979383,82.0,6.0,0.63,80.0,28.01,1.19,25.03,0.34,529.0,751.0,,,,,,,,,,,,,,,,,,,
Carles Aleña,26,Midfielder,Getafe CF,La Liga,Spain,8.70360824742268,,,,61.0,,,21.66,,597.0,758.0,,,,17.06,25.24,,,,,,,,,,,0.43,0.17,0.63,15.0
Carles Pérez,26,Forward,Celta de Vigo,La Liga,Spain,8.708762886597938,,,,,,,18.43,,,,,,,15.89,23.31,,,,1.29,0.83,0.84,1.22,1.55,5.32,716.0,,,,
Carlos Clerc,32,Defender,Elche CF,La Liga,Spain,8.809278350515465,151.0,7.0,0.71,83.0,35.82,1.09,32.94,0.61,825.0,1054.0,,,,,,,,,,,,,,,,,,,
Dani Parejo,35,Midfielder,Villarreal,La Liga,Spain,9.25257731958763,,,,89.0,,,64.59,,2163.0,2390.0,,,,58.46,59.19,,,,,,,,,,,1.32,0.19,1.34,49.0
Dani Rodríguez,35,Midfielder,RCD Mallorca,La Liga,Spain,8.835051546391755,,,,60.0,,,18.37,,528.0,643.0,,,,15.09,22.48,,,,,,,,,,,0.77,0.38,1.15,27.0
Dani Vivian,24,Defender,Athletic Club Bilbao,La Liga,Spain,8.77319587628866,119.0,14.0,1.52,82.0,53.98,1.48,49.1,0.34,1156.0,1424.0,,,,,,,,,,,,,,,,,,,
David García,30,Defender,CA Osasuna,La Liga,Spain,8.8840206185567,134.0,13.0,2.77,84.0,47.35,1.8,44.31,0.1,1148.0,1418.0,,,,,,,,,,,,,,,,,,,
David Soria,31,Goalkeeper,Getafe CF,La Liga,Spain,8.920103092783506,,,,,,,27.08,,,1029.0,73.68,3.32,126.0,13.61,13.61,10.0,0.08,3.32,,,,,,,,,,,
Djene Dakonam,32,Defender,Getafe CF,La Liga,Togo,8.760309278350515,144.0,11.0,1.65,86.0,34.75,1.58,33.27,0.47,856.0,1098.0,,,,,,,,,,,,,,,,,,,
Domingos Duarte,29,Defender,Getafe CF,La Liga,Portugal,8.672680412371136,100.0,22.0,1.56,86.0,32.51,1.08,30.97,0.2,744.0,960.0,,,,,,,,,,,,,,,,,,,
Éder Militão,26,Defender,Real Madrid,La Liga,Brazil,9.110824742268042,158.0,39.0,2.17,82.0,61.39,1.17,55.85,0.23,1630.0,1843.0,,,,,,,,,,,,,,,,,,,
Edgar Badia,32,Goalkeeper,Elche CF,La Liga,Spain,8.95876288659794,,,,,,,24.67,,,888.0,68.5,3.81,137.0,17.17,17.17,19.0,0.17,3.81,,,,,,,,,,,
Eduardo Camavinga,21,Midfielder,Real Madrid,La Liga,France,8.82216494845361,,,,54.0,,,38.16,,1288.0,1412.0,,,,34.81,57.84,,,,,,,,,,,0.65,0.04,1.08,24.0
Enes Ünal,26,Forward,Getafe CF,La Liga,Turkey,9.25515463917526,,,,,,,20.74,,,,,,,12.57,13.26,,,,0.51,1.86,1.11,1.45,2.32,8.23,213.0,,,,
Federico Valverde,25,Midfielder,Real Madrid,La Liga,Uruguay,9.079896907216497,,,,74.0,,,46.71,,1408.0,1588.0,,,,41.41,50.49,,,,,,,,,,,1.29,0.39,1.58,44.0
Fernando Martínez,33,Goalkeeper,Almeria,La Liga,Spain,8.951030927835053,,,,,,,29.54,,,1093.0,68.39,3.57,132.0,19.22,19.47,12.0,0.14,3.62,,,,,,,,,,,
Florian Lejeune,32,Defender,Rayo Vallecano,La Liga,France,8.654639175257733,104.0,16.0,2.14,83.0,48.64,0.77,44.81,0.25,1098.0,1389.0,,,,,,,,,,,,,,,,,,,
Fran Beltrán,25,Midfielder,Celta de Vigo,La Liga,Spain,8.930412371134022,,,,80.0,,,48.69,,1580.0,1753.0,,,,43.89,49.67,,,,,,,,,,,0.67,0.06,0.75,24.0
Fran García,24,Defender,Rayo Vallecano,La Liga,Spain,8.958762886597938,146.0,9.0,0.18,90.0,41.0,0.58,40.87,1.06,1269.0,1553.0,,,,,,,,,,,,,,,,,,,
Frenkie de Jong,26,Midfielder,FC Barcelona,La Liga,Netherlands,9.167525773195877,,,,77.0,,,68.3,,2061.0,2254.0,,,,62.45,73.06,,,,,,,,,,,1.36,0.21,1.6,45.0
Gabri Veiga,21,Midfielder,Celta de Vigo,La Liga,Spain,8.850515463917526,,,,64.0,,,19.39,,536.0,698.0,,,,14.89,20.87,,,,,,,,,,,0.78,0.58,1.09,28.0
Gavi,19,Midfielder,FC Barcelona,La Liga,Spain,8.922680412371136,,,,71.0,,,32.19,,1015.0,1159.0,,,,28.19,35.94,,,,,,,,,,,1.06,0.21,1.35,38.0
Gerard Gumbau,29,Midfielder,Elche CF,La Liga,Spain,9.250000000000002,,,,78.0,,,36.03,,1027.0,1261.0,,,,29.34,33.67,,,,,,,,,,,2.03,0.23,2.33,71.0
Germán Pezzella,32,Defender,Real Betis,La Liga,Argentina,8.757731958762887,133.0,15.0,2.54,81.0,45.89,0.93,41.39,0.43,1108.0,1283.0,,,,,,,,,,,,,,,,,,,
Giorgi Mamardashvili,23,Goalkeeper,Valencia CF,La Liga,Georgia,8.858247422680414,,,,,,,24.74,,,940.0,70.0,2.76,105.0,14.89,14.89,14.0,0.08,2.76,,,,,,,,,,,
Gonzalo Plata,23,Forward,Real Valladolid,La Liga,Ecuador,8.731958762886599,,,,,,,20.29,,,,,,,15.88,21.05,,,,1.74,0.76,0.51,1.52,1.6,7.21,2309.0,,,,
Guido Rodríguez,30,Midfielder,Real Betis,La Liga,Argentina,8.907216494845361,,,,85.0,,,49.18,,1464.0,1672.0,,,,43.06,45.97,,,,,,,,,,,0.32,0.03,0.35,11.0
Hugo Mallo,32,Defender,Celta de Vigo,La Liga,Spain,8.84020618556701,133.0,7.0,2.15,84.0,48.23,1.82,44.77,0.54,922.0,1164.0,,,,,,,,,,,,,,,,,,,
Iago Aspas,36,Forward,Celta de Vigo,La Liga,Spain,9.038659793814434,,,,,,,31.43,,,,,,,24.84,28.86,,,,0.57,1.76,1.04,1.44,1.85,3.77,239.0,,,,
Igor Zubeldia,27,Defender,Real Sociedad,La Liga,Spain,8.72938144329897,113.0,17.0,2.16,82.0,54.11,1.56,49.35,0.32,1309.0,1530.0,,,,,,,,,,,,,,,,,,,
Iñaki Williams,29,Forward,Athletic Club Bilbao,La Liga,Ghana,8.971649484536083,,,,,,,19.64,,,,,,,13.92,15.8,,,,1.25,1.83,1.1,1.36,0.98,4.07,285.0,,,,
Íñigo Ruiz de Galarreta,30,Midfielder,RCD Mallorca,La Liga,Spain,8.966494845360826,,,,82.0,,,39.1,,997.0,1173.0,,,,33.23,36.54,,,,,,,,,,,0.63,0.04,0.7,19.0
Isaac Carcelén,31,Defender,Cadiz,La Liga,Spain,8.75257731958763,130.0,11.0,0.86,82.0,30.1,0.65,27.3,0.9,598.0,737.0,,,,,,,,,,,,,,,,,,,
Isi Palazón,29,Forward,Rayo Vallecano,La Liga,Spain,8.927835051546392,,,,,,,31.38,,,,,,,24.73,27.55,,,,1.19,1.76,0.72,1.99,3.1,6.74,332.0,,,,
Iván Balliu,32,Defender,Rayo Vallecano,La Liga,Albania,8.726804123711341,127.0,3.0,0.78,88.0,36.69,1.17,35.68,0.28,1055.0,1320.0,,,,,,,,,,,,,,,,,,,
Jan Oblak,31,Goalkeeper,Atletico Madrid,La Liga,Slovenia,8.914948453608249,,,,,,,24.96,,,699.0,75.31,2.18,61.0,15.25,15.41,6.0,0.11,2.2,,,,,,,,,,,
Jaume Costa,36,Defender,RCD Mallorca,La Liga,Spain,8.760309278350515,123.0,5.0,1.04,82.0,30.4,1.48,27.53,0.69,660.0,881.0,,,,,,,,,,,,,,,,,,,
Javi Galán,29,Defender,Celta de Vigo,La Liga,Spain,8.914948453608249,282.0,5.0,0.94,85.0,43.22,1.42,41.05,1.22,1230.0,1519.0,,,,,,,,,,,,,,,,,,,
Javi Puado,25,Forward,RCD Espanyol,La Liga,Spain,8.948453608247423,,,,,,,14.59,,,,,,,11.78,16.71,,,,0.57,1.35,0.88,1.03,1.0,3.37,335.0,,,,
Javier Sánchez de Felipe,27,Defender,Real Valladolid,La Liga,Spain,8.75257731958763,107.0,22.0,1.8,75.0,43.65,1.28,36.31,0.26,956.0,1162.0,,,,,,,,,,,,,,,,,,,
Jeremías Ledesma,31,Goalkeeper,Cadiz,La Liga,Argentina,9.046391752577321,,,,,,,28.62,,,973.0,73.63,3.94,134.0,13.35,13.35,26.0,0.18,3.94,,,,,,,,,,,
Joaquín Fernández,27,Defender,Real Valladolid,La Liga,Spain,8.801546391752577,99.0,21.0,2.13,80.0,40.83,0.67,36.22,0.46,813.0,978.0,,,,,,,,,,,,,,,,,,,
Jon Moncayola,25,Midfielder,CA Osasuna,La Liga,Spain,8.724226804123713,,,,66.0,,,35.05,,1050.0,1297.0,,,,28.38,38.65,,,,,,,,,,,0.73,0.15,0.99,27.0
Jordi Masip,35,Goalkeeper,Real Valladolid,La Liga,Spain,8.963917525773198,,,,,,,29.93,,,838.0,71.92,3.75,105.0,19.89,19.99,17.0,0.18,3.77,,,,,,,,,,,
José Gayà,28,Defender,Valencia CF,La Liga,Spain,8.899484536082475,152.0,9.0,0.73,88.0,40.44,0.46,39.35,0.96,989.0,1220.0,,,,,,,,,,,,,,,,,,,
José Manuel Copete,24,Defender,RCD Mallorca,La Liga,Spain,8.84278350515464,134.0,18.0,1.54,79.0,34.81,1.91,30.61,0.28,660.0,857.0,,,,,,,,,,,,,,,,,,,
José María Giménez,29,Defender,Atletico Madrid,La Liga,Uruguay,9.033505154639176,109.0,16.0,1.9,86.0,49.33,0.71,47.39,0.37,1179.0,1327.0,,,,,,,,,,,,,,,,,,,
Joselu,34,Forward,RCD Espanyol,La Liga,Spain,9.198453608247425,,,,,,,21.68,,,,,,,13.24,13.55,,,,0.47,2.03,1.14,1.29,2.08,8.16,187.0,,,,
Joseph Aidoo,28,Defender,Celta de Vigo,La Liga,Ghana,8.845360824742269,141.0,14.0,1.85,89.0,50.41,0.52,49.94,0.32,1515.0,1748.0,,,,,,,,,,,,,,,,,,,
Juan Cruz,31,Defender,CA Osasuna,La Liga,Spain,8.6159793814433,59.0,8.0,0.79,76.0,34.04,0.74,28.81,0.44,627.0,778.0,,,,,,,,,,,,,,,,,,,
Juan Iglesias,25,Defender,Getafe CF,La Liga,Spain,8.682989690721651,109.0,6.0,0.71,67.0,25.4,1.85,18.88,1.22,373.0,604.0,,,,,,,,,,,,,,,,,,,
Jules Koundé,25,Defender,FC Barcelona,La Liga,France,8.997422680412372,110.0,9.0,1.63,84.0,68.51,0.82,63.76,0.33,1643.0,1849.0,,,,,,,,,,,,,,,,,,,
Karim Benzema,36,Forward,Real Madrid,La Liga,France,9.306701030927837,,,,,,,44.12,,,,,,,38.29,40.46,,,,0.79,3.17,2.03,1.41,0.26,2.16,108.0,,,,
Kike Pérez,27,Midfielder,Real Valladolid,La Liga,Spain,8.927835051546394,,,,64.0,,,31.33,,892.0,1128.0,,,,24.78,34.65,,,,,,,,,,,0.89,0.12,1.24,32.0
Koke Merodio,32,Midfielder,Atletico Madrid,La Liga,Spain,9.211340206185568,,,,78.0,,,60.42,,1778.0,1994.0,,,,53.88,62.51,,,,,,,,,,,0.85,0.11,0.98,28.0
Leandro Cabrera,32,Defender,RCD Espanyol,La Liga,Uruguay,8.770618556701033,138.0,22.0,2.19,84.0,41.7,0.98,38.69,0.37,905.0,1238.0,,,,,,,,,,,,,,,,,,,
Lee Kang-in,23,Midfielder,RCD Mallorca,La Liga,South Korea,9.224226804123713,,,,79.0,,,24.42,,707.0,879.0,,,,19.64,22.4,,,,,,,,,,,1.44,0.38,1.65,52.0
Lucas Boyé,28,Forward,Elche CF,La Liga,Argentina,8.84020618556701,,,,,,,17.91,,,,,,,14.31,18.05,,,,2.14,1.6,0.76,2.99,1.62,7.1,357.0,,,,
Lucas Robertone,27,Midfielder,Almeria,La Liga,Argentina,9.239690721649486,,,,77.0,,,32.54,,994.0,1204.0,,,,26.86,31.26,,,,,,,,,,,1.43,0.28,1.67,53.0
Lucas Torró,29,Midfielder,CA Osasuna,La Liga,Spain,8.79639175257732,,,,75.0,,,35.3,,941.0,1165.0,,,,28.52,34.03,,,,,,,,,,,0.27,0.04,0.33,9.0
Luis Hernández,35,Defender,Cadiz,La Liga,Spain,8.994845360824744,81.0,26.0,1.14,90.0,36.4,0.77,36.4,0.4,1012.0,1274.0,,,,,,,,,,,,,,,,,,,
Manu Sánchez,23,Defender,CA Osasuna,La Liga,Spain,8.688144329896907,89.0,5.0,0.6,68.0,37.56,1.11,28.48,1.23,721.0,883.0,,,,,,,,,,,,,,,,,,,
Marc-André ter Stegen,31,Goalkeeper,FC Barcelona,La Liga,Germany,8.969072164948455,,,,,,,32.29,,,1227.0,82.35,2.21,84.0,26.55,27.12,9.0,0.05,2.26,,,,,,,,,,,
Mario Hermoso,28,Defender,Atletico Madrid,La Liga,Spain,8.914948453608249,81.0,9.0,1.49,81.0,59.57,1.15,53.77,0.81,1225.0,1398.0,,,,,,,,,,,,,,,,,,,
Martin Braithwaite,32,Forward,RCD Espanyol,La Liga,Denmark,9.007731958762887,,,,,,,13.74,,,,,,,9.45,10.68,,,,0.45,1.29,0.95,0.66,1.53,4.23,247.0,,,,
Martin Valjent,28,Defender,RCD Mallorca,La Liga,Slovakia,9.018041237113403,82.0,22.0,1.22,89.0,36.18,1.12,35.63,0.27,863.0,1069.0,,,,,,,,,,,,,,,,,,,
Martín Zubimendi,25,Midfielder,Real Sociedad,La Liga,Spain,9.085051546391753,,,,86.0,,,49.78,,1536.0,1792.0,,,,42.67,44.56,,,,,,,,,,,0.56,0.12,0.58,20.0
Miguel Gutiérrez,22,Defender,Girona FC,La Liga,Spain,8.701030927835053,107.0,5.0,0.34,71.0,40.01,0.9,31.35,0.41,918.0,1066.0,,,,,,,,,,,,,,,,,,,
Mikel Merino,27,Midfielder,Real Sociedad,La Liga,Spain,9.14175257731959,,,,76.0,,,44.15,,1134.0,1457.0,,,,34.36,40.84,,,,,,,,,,,1.33,0.4,1.58,44.0
Mikel Vesga,31,Midfielder,Athletic Club Bilbao,La Liga,Spain,8.96134020618557,,,,72.0,,,41.17,,1254.0,1482.0,,,,34.83,43.85,,,,,,,,,,,0.56,0.21,0.7,20.0
Moi Gómez,29,Forward,CA Osasuna,La Liga,Spain,8.814432989690722,,,,,,,43.18,,,,,,,38.33,46.3,,,,0.64,0.45,0.33,0.7,0.95,2.93,820.0,,,,
Mouctar Diakhaby,27,Defender,Valencia CF,La Liga,France,8.693298969072167,92.0,17.0,1.73,84.0,43.62,0.85,40.93,0.26,976.0,1187.0,,,,,,,,,,,,,,,,,,,
Nahuel Molina,26,Defender,Atletico Madrid,La Liga,Argentina,8.93556701030928,128.0,7.0,0.72,87.0,47.22,0.69,45.67,1.5,1195.0,1507.0,,,,,,,,,,,,,,,,,,,
Nemanja Gudelj,32,Midfielder,Sevilla FC,La Liga,Serbia,8.994845360824742,,,,82.0,,,46.59,,1437.0,1584.0,,,,42.26,46.54,,,,,,,,,,,0.15,0.13,0.16,5.0
Nemanja Maksimović,29,Midfielder,Getafe CF,La Liga,Serbia,8.559278350515465,,,,71.0,,,19.03,,436.0,552.0,,,,15.03,18.98,,,,,,,,,,,0.38,0.0,0.48,11.0
Nico Williams,21,Forward,Athletic Club Bilbao,La Liga,Spain,8.907216494845361,,,,,,,21.53,,,,,,,16.81,20.36,,,,2.22,1.22,0.67,1.48,1.18,5.65,446.0,,,,
Oihan Sancet,24,Midfielder,Athletic Club Bilbao,La Liga,Spain,8.75,,,,71.0,,,26.25,,787.0,945.0,,,,21.86,27.73,,,,,,,,,,,1.22,0.42,1.55,44.0
Óliver Torres,29,Midfielder,Sevilla FC,La Liga,Spain,8.75,,,,67.0,,,31.88,,833.0,1020.0,,,,26.03,34.84,,,,,,,,,,,1.22,0.17,1.63,39.0
Omar Alderete,27,Defender,Getafe CF,La Liga,Paraguay,8.896907216494846,119.0,16.0,2.77,82.0,36.98,1.54,33.68,0.48,498.0,842.0,,,,,,,,,,,,,,,,,,,
Omar Mascarell,31,Midfielder,Elche CF,La Liga,Spain,8.927835051546392,,,,88.0,,,43.68,,1063.0,1223.0,,,,37.96,39.21,,,,,,,,,,,0.71,0.04,0.74,20.0
Oriol Romeu,32,Midfielder,Girona FC,La Liga,Spain,8.88659793814433,,,,89.0,,,48.36,,1394.0,1596.0,,,,42.24,42.5,,,,,,,,,,,0.61,0.06,0.61,20.0
Óscar de Marcos,35,Defender,Athletic Club Bilbao,La Liga,Spain,8.68814432989691,120.0,6.0,0.8,76.0,46.2,1.37,39.16,1.12,1141.0,1449.0,,,,,,,,,,,,,,,,,,,
Óscar Gil,26,Defender,RCD Espanyol,La Liga,Spain,8.623711340206185,133.0,18.0,0.46,78.0,25.17,1.82,21.79,0.98,556.0,719.0,,,,,,,,,,,,,,,,,,,
Óscar Plano,33,Forward,Real Valladolid,La Liga,Spain,8.59020618556701,,,,,,,18.48,,,,,,,13.97,20.31,,,,0.27,0.82,0.53,1.01,2.2,5.9,2043.0,,,,
Óscar Trejo,36,Midfielder,Rayo Vallecano,La Liga,Argentina,8.742268041237114,,,,64.0,,,28.32,,798.0,963.0,,,,23.47,33.17,,,,,,,,,,,1.26,0.29,1.79,43.0
Óscar Valentín,29,Midfielder,Rayo Vallecano,La Liga,Spain,8.79639175257732,,,,75.0,,,34.53,,962.0,1174.0,,,,28.29,33.74,,,,,,,,,,,0.56,0.0,0.67,19.0
Pablo Maffeo,26,Defender,RCD Mallorca,La Liga,Spain,8.77061855670103,201.0,11.0,1.42,85.0,25.81,0.97,24.4,1.0,603.0,854.0,,,,,,,,,,,,,,,,,,,
Pau Torres,27,Defender,Villarreal,La Liga,Spain,8.912371134020619,142.0,27.0,1.71,90.0,63.31,0.59,63.21,0.44,1831.0,2149.0,,,,,,,,,,,,,,,,,,,
Paulo Gazzaniga,32,Goalkeeper,Girona FC,La Liga,Argentina,8.93298969072165,,,,,,,32.86,,,920.0,71.54,3.32,93.0,22.89,22.89,13.0,0.21,3.32,,,,,,,,,,,
Pedro Bigas,33,Defender,Elche CF,La Liga,Spain,8.675257731958762,101.0,14.0,1.87,72.0,45.56,0.71,36.61,0.44,833.0,1025.0,,,,,,,,,,,,,,,,,,,
Predrag Rajković,28,Goalkeeper,RCD Mallorca,La Liga,Serbia,8.876288659793817,,,,,,,30.08,,,1083.0,70.15,2.61,94.0,16.56,16.56,18.0,0.08,2.61,,,,,,,,,,,
Ramón Rodríguez Jiménez,24,Midfielder,Real Valladolid,La Liga,Spain,8.762886597938145,,,,62.0,,,29.36,,805.0,969.0,,,,24.39,35.69,,,,,,,,,,,0.76,0.22,1.11,25.0
Raphinha,28,Forward,FC Barcelona,La Liga,Brazil,9.07216494845361,,,,,,,28.97,,,,,,,23.14,35.97,,,,1.19,1.61,1.08,1.04,1.6,5.36,298.0,,,,
Raúl Albiol,38,Defender,Villarreal,La Liga,Spain,8.760309278350515,83.0,13.0,1.7,85.0,61.9,0.72,58.32,0.13,1293.0,1458.0,,,,,,,,,,,,,,,,,,,
Robert Lewandowski,35,Forward,FC Barcelona,La Liga,Poland,9.474226804123711,,,,,,,22.56,,,,,,,17.65,18.93,,,,0.85,3.29,1.83,1.58,1.42,4.58,124.0,,,,
Robin Le Normand,27,Defender,Real Sociedad,La Liga,France,8.93814432989691,176.0,14.0,3.41,85.0,55.71,1.45,52.42,0.45,1523.0,1730.0,,,,,,,,,,,,,,,,,,,
Rodrigo Ely,30,Defender,Almeria,La Liga,Brazil,8.896907216494848,128.0,33.0,2.25,88.0,41.64,0.71,40.58,0.2,1194.0,1461.0,,,,,,,,,,,,,,,,,,,
Rodrigo Riquelme,24,Forward,Girona FC,La Liga,Spain,8.742268041237114,,,,,,,18.32,,,,,,,14.0,19.51,,,,1.65,1.41,0.9,1.07,1.48,4.96,547.0,,,,
Rodrygo,23,Forward,Real Madrid,La Liga,Brazil,9.13659793814433,,,,,,,29.5,,,,,,,26.5,34.07,,,,2.15,2.12,1.21,1.32,1.89,5.9,264.0,,,,
Rubén Alcaraz,32,Midfielder,Cadiz,La Liga,Spain,8.757731958762887,,,,66.0,,,31.9,,808.0,989.0,,,,26.06,35.56,,,,,,,,,,,0.68,0.13,0.92,21.0
Rubén Sobrino,31,Forward,Cadiz,La Liga,Spain,8.72680412371134,,,,,,,17.88,,,,,,,13.15,15.81,,,,0.73,0.7,0.44,1.6,1.97,6.89,824.0,,,,
Rui Silva,30,Goalkeeper,Real Betis,La Liga,Portugal,8.873711340206187,,,,,,,29.81,,,775.0,68.87,2.81,73.0,18.85,18.85,14.0,0.08,2.81,,,,,,,,,,,
Samuel Chukwueze,24,Forward,Villarreal,La Liga,Nigeria,8.896907216494846,,,,,,,23.3,,,,,,,18.19,25.81,,,,2.22,1.24,0.65,1.15,1.3,5.68,392.0,,,,
Samuel Lino,24,Forward,Valencia CF,La Liga,Brazil,8.899484536082475,,,,,,,27.76,,,,,,,22.32,26.34,,,,1.32,1.63,1.02,1.74,1.86,6.02,483.0,,,,
Santi Comesaña,27,Midfielder,Rayo Vallecano,La Liga,Spain,8.89175257731959,,,,70.0,,,34.74,,1020.0,1216.0,,,,29.14,37.21,,,,,,,,,,,1.17,0.18,1.5,41.0
Santiago Bueno,25,Defender,Girona FC,La Liga,Uruguay,8.814432989690722,174.0,22.0,2.24,89.0,53.75,1.08,52.91,0.36,1557.0,1799.0,,,,,,,,,,,,,,,,,,,
Sergi Darder,30,Midfielder,RCD Espanyol,La Liga,Spain,9.247422680412374,,,,88.0,,,37.58,,1116.0,1428.0,,,,29.37,30.19,,,,,,,,,,,1.95,0.24,2.0,74.0
Sergi Gómez,32,Defender,RCD Espanyol,La Liga,Spain,8.641752577319588,81.0,20.0,1.73,81.0,43.08,0.35,38.69,0.12,964.0,1122.0,,,,,,,,,,,,,,,,,,,
Sergio Akieme,26,Defender,Almeria,La Liga,Spain,8.572164948453608,85.0,6.0,0.51,79.0,30.61,0.78,26.97,0.31,629.0,782.0,,,,,,,,,,,,,,,,,,,
Sergio Busquets,35,Midfielder,FC Barcelona,La Liga,Spain,9.13659793814433,,,,78.0,,,64.23,,1709.0,1927.0,,,,56.97,65.51,,,,,,,,,,,0.83,0.15,0.96,25.0
Sergio Camello,23,Forward,Rayo Vallecano,La Liga,Spain,8.871134020618557,,,,,,,13.76,,,,,,,10.73,15.01,,,,0.46,1.65,0.72,1.29,0.72,2.91,402.0,,,,
Sergio Canales,33,Midfielder,Real Betis,La Liga,Spain,8.91494845360825,,,,78.0,,,42.45,,1075.0,1316.0,,,,34.68,40.08,,,,,,,,,,,1.77,0.26,2.05,55.0
Srđan Babić,28,Defender,Almeria,La Liga,Serbia,8.824742268041238,114.0,22.0,2.22,88.0,40.83,0.72,40.0,0.45,1165.0,1360.0,,,,,,,,,,,,,,,,,,,
Stole Dimitrievski,30,Goalkeeper,Rayo Vallecano,La Liga,FYR Macedonia,8.881443298969073,,,,,,,24.68,,,913.0,65.97,2.57,95.0,13.24,13.26,16.0,0.08,2.57,,,,,,,,,,,
Takefusa Kubo,22,Forward,Real Sociedad,La Liga,Japan,8.894329896907218,,,,,,,22.51,,,,,,,17.11,21.95,,,,1.34,1.63,1.1,1.5,1.76,5.68,273.0,,,,
Tete Morente,27,Forward,Elche CF,La Liga,Spain,8.70360824742268,,,,,,,19.25,,,,,,,15.62,21.6,,,,1.0,1.16,0.6,0.82,0.91,5.23,517.0,,,,
Thibaut Courtois,31,Goalkeeper,Real Madrid,La Liga,Belgium,9.007731958762887,,,,,,,30.29,,,939.0,75.63,2.9,90.0,25.42,25.42,16.0,0.1,2.9,,,,,,,,,,,
Thierry Correia,25,Defender,Valencia CF,La Liga,Portugal,8.832474226804125,150.0,2.0,1.07,75.0,47.95,1.74,39.78,0.8,853.0,1074.0,,,,,,,,,,,,,,,,,,,
Toni Kroos,34,Midfielder,Real Madrid,La Liga,Germany,9.414948453608249,,,,72.0,,,77.5,,2199.0,2325.0,,,,73.3,91.5,,,,,,,,,,,1.8,0.25,2.25,54.0
Unai Núñez,27,Defender,Celta de Vigo,La Liga,Spain,8.853092783505156,155.0,17.0,2.06,90.0,57.54,0.71,55.94,0.43,1738.0,2014.0,,,,,,,,,,,,,,,,,,,
Unai Simón,26,Goalkeeper,Athletic Club Bilbao,La Liga,Spain,8.88659793814433,,,,,,,25.58,,,793.0,65.42,2.26,70.0,17.45,17.73,3.0,0.03,2.29,,,,,,,,,,,
Valentín Castellanos,25,Forward,Girona FC,La Liga,Argentina,9.085051546391755,,,,,,,10.89,,,,,,,6.89,8.28,,,,0.34,1.94,1.13,0.72,1.58,4.16,202.0,,,,
Vedat Muriqi,30,Forward,RCD Mallorca,La Liga,Kosovo,9.18556701030928,,,,,,,23.26,,,,,,,13.4,14.29,,,,0.34,1.8,0.91,1.31,1.19,7.86,197.0,,,,
Vinicius Junior,23,Forward,Real Madrid,La Liga,Brazil,9.041237113402063,,,,,,,32.12,,,,,,,25.94,27.19,,,,3.45,1.7,1.14,2.06,3.84,8.51,283.0,,,,
Vinícius Souza,24,Midfielder,RCD Espanyol,La Liga,Brazil,8.837628865979381,,,,72.0,,,26.47,,719.0,900.0,,,,21.15,26.57,,,,,,,,,,,0.32,0.07,0.41,11.0
William Carvalho,32,Midfielder,Real Betis,La Liga,Portugal,9.00773195876289,,,,74.0,,,51.61,,1481.0,1703.0,,,,44.88,54.34,,,,,,,,,,,0.64,0.11,0.77,21.0
Yannick Carrasco,30,Forward,Atletico Madrid,La Liga,Belgium,8.853092783505156,,,,,,,26.09,,,,,,,22.06,29.86,,,,1.57,1.17,0.89,1.24,0.81,4.45,332.0,,,,
Yassine Bounou,33,Goalkeeper,Sevilla FC,La Liga,Morocco,8.878865979381445,,,,,,,34.2,,,855.0,62.04,2.68,67.0,25.04,26.17,12.0,0.04,2.8,,,,,,,,,,,
Yeray Álvarez,29,Defender,Athletic Club Bilbao,La Liga,Spain,8.878865979381445,116.0,13.0,2.2,83.0,52.61,0.85,48.79,0.35,1110.0,1366.0,,,,,,,,,,,,,,,,,,,
Yeremy Pino,21,Forward,Villarreal,La Liga,Spain,8.84020618556701,,,,,,,22.39,,,,,,,17.81,23.4,,,,1.22,1.06,0.69,1.5,1.94,6.61,616.0,,,,
Yunus Musah,21,Midfielder,Valencia CF,La Liga,USA,6.86340206185567,,,,65.0,,,0.0,,0.0,0.0,,,,0.0,0.0,,,,,,,,,,,0.0,0.08,0.0,0.0
Yuri Berchiche,34,Defender,Athletic Club Bilbao,La Liga,Spain,8.832474226804125,152.0,13.0,1.87,83.0,46.27,1.16,42.69,0.78,1042.0,1238.0,,,,,,,,,,,,,,,,,,,
Adam Marušić,31,Defender,Lazio,Serie A,Montenegro,8.920103092783506,92.0,6.0,0.91,84.0,51.53,0.72,47.97,0.42,1386.0,1583.0,,,,,,,,,,,,,,,,,,,
Adrien Rabiot,29,Midfielder,Juventus,Serie A,France,8.976804123711341,,,,86.0,,,35.53,,950.0,1137.0,,,,29.69,31.08,,,,,,,,,,,0.97,0.39,1.01,31.0
Adrien Tameze,30,Midfielder,Hellas Verona,Serie A,France,8.796391752577321,,,,82.0,,,28.49,,825.0,1054.0,,,,22.3,24.41,,,,,,,,,,,0.59,0.0,0.65,22.0
Aleksey Miranchuk,28,Midfielder,Torino,Serie A,Russia,8.760309278350517,,,,72.0,,,26.79,,632.0,777.0,,,,21.79,27.12,,,,,,,,,,,1.52,0.39,1.89,44.0
Alessandro Bastoni,25,Defender,Inter Milan,Serie A,Italy,8.914948453608249,104.0,12.0,1.7,75.0,63.71,0.79,52.9,0.62,1310.0,1534.0,,,,,,,,,,,,,,,,,,,
Alessandro Buongiorno,24,Defender,Torino,Serie A,Italy,8.84020618556701,179.0,19.0,3.24,80.0,50.88,2.08,45.29,0.5,1316.0,1540.0,,,,,,,,,,,,,,,,,,,
Alessio Romagnoli,29,Defender,Lazio,Serie A,Italy,9.087628865979381,128.0,26.0,2.37,86.0,56.76,1.08,54.24,0.34,1667.0,1844.0,,,,,,,,,,,,,,,,,,,
Alex Meret,27,Goalkeeper,Napoli,Serie A,Italy,8.948453608247423,,,,,,,23.74,,,807.0,74.19,2.03,69.0,20.41,20.41,5.0,0.0,2.03,,,,,,,,,,,
Alexis Blin,27,Midfielder,Lecce,Serie A,France,8.79639175257732,,,,68.0,,,26.09,,742.0,913.0,,,,21.2,28.08,,,,,,,,,,,0.43,0.04,0.57,15.0
Amir Rrahmani,30,Defender,Napoli,Serie A,Kosovo,8.961340206185568,115.0,21.0,2.46,84.0,79.26,0.85,74.34,0.33,1970.0,2156.0,,,,,,,,,,,,,,,,,,,
André Onana,28,Goalkeeper,Inter Milan,Serie A,Cameroon,8.845360824742269,,,,,,,38.0,,,912.0,72.09,2.58,62.0,30.08,30.08,7.0,0.12,2.58,,,,,,,,,,,
André-Frank Zambo Anguissa,28,Midfielder,Napoli,Serie A,Cameroon,9.22938144329897,,,,85.0,,,61.61,,1975.0,2218.0,,,,54.86,58.05,,,,,,,,,,,0.89,0.24,0.94,32.0
Andrea Cambiaso,24,Defender,Bologna,Serie A,Italy,8.835051546391753,114.0,2.0,0.12,68.0,50.59,1.08,38.16,1.28,1038.0,1221.0,,,,,,,,,,,,,,,,,,,
Andrea Consigli,37,Goalkeeper,Sassuolo,Serie A,Italy,8.793814432989691,,,,,,,34.6,,,1211.0,52.99,1.77,62.0,26.43,26.43,16.0,0.11,1.77,,,,,,,,,,,
Andrea Pinamonti,24,Forward,Sassuolo,Serie A,Italy,8.84536082474227,,,,,,,14.97,,,,,,,9.97,13.11,,,,0.28,1.38,0.9,2.22,1.32,3.49,438.0,,,,
Antonino Gallo,24,Defender,Lecce,Serie A,Italy,8.701030927835053,112.0,6.0,0.9,78.0,32.97,0.47,28.47,0.69,633.0,911.0,,,,,,,,,,,,,,,,,,,
Antonio Candreva,37,Midfielder,Salernitana,Serie A,Italy,9.270618556701033,,,,79.0,,,35.6,,996.0,1246.0,,,,28.46,32.54,,,,,,,,,,,1.63,0.36,1.86,57.0
Antonio Sanabria,28,Forward,Torino,Serie A,Paraguay,8.914948453608249,,,,,,,20.82,,,,,,,15.85,19.27,,,,0.64,1.58,0.92,1.11,0.99,5.3,204.0,,,,
Ardian Ismajli,27,Defender,Empoli,Serie A,Albania,8.698453608247423,114.0,31.0,2.45,84.0,44.1,0.82,41.0,0.3,871.0,1025.0,,,,,,,,,,,,,,,,,,,
Arkadiusz Reca,28,Midfielder,Spezia,Serie A,Poland,8.778350515463918,,,,73.0,,,28.5,,611.0,855.0,,,,20.37,25.32,,,,,,,,,,,0.73,0.08,0.91,22.0
Armand Lauriente,25,Forward,Sassuolo,Serie A,France,8.943298969072165,,,,,,,25.19,,,,,,,20.11,22.54,,,,2.07,1.44,0.91,2.08,1.62,4.9,313.0,,,,
Armando Izzo,32,Defender,Monza,Serie A,Italy,9.067010309278352,162.0,17.0,1.38,83.0,56.49,1.6,51.8,0.58,1359.0,1554.0,,,,,,,,,,,,,,,,,,,
Bartłomiej Drągowski,26,Goalkeeper,Spezia,Serie A,Poland,8.909793814432991,,,,,,,29.76,,,1012.0,68.24,3.41,116.0,19.18,19.91,18.0,0.18,3.54,,,,,,,,,,,
Beto Bercique,26,Forward,Udinese,Serie A,Portugal,8.79896907216495,,,,,,,8.73,,,,,,,5.73,7.98,,,,0.73,1.39,0.93,1.77,1.1,5.62,213.0,,,,
Boulaye Dia,27,Midfielder,Salernitana,Serie A,France,8.757731958762887,,,,77.0,,,17.27,,444.0,570.0,,,,13.45,15.84,,,,,,,,,,,1.06,0.78,1.25,35.0
Bruno Amione,22,Defender,Sampdoria,Serie A,Argentina,8.881443298969074,140.0,11.0,2.84,80.0,41.68,1.13,36.93,0.96,795.0,997.0,,,,,,,,,,,,,,,,,,,
Bryan Cristante,29,Midfielder,Roma,Serie A,Italy,8.95876288659794,,,,82.0,,,46.08,,1373.0,1659.0,,,,38.14,41.62,,,,,,,,,,,0.44,0.06,0.49,16.0
Carlos Augusto,25,Defender,Monza,Serie A,Brazil,8.713917525773196,180.0,6.0,1.66,88.0,40.03,1.2,39.23,0.52,1164.0,1373.0,,,,,,,,,,,,,,,,,,,
Charles Pickel,26,Midfielder,Cremonese,Serie A,Switzerland,8.755154639175258,,,,76.0,,,28.88,,744.0,953.0,,,,22.55,26.85,,,,,,,,,,,0.61,0.04,0.72,20.0
Chris Smalling,34,Defender,Roma,Serie A,England,9.09278350515464,110.0,36.0,2.21,88.0,42.98,0.58,41.91,0.19,1170.0,1341.0,,,,,,,,,,,,,,,,,,,
Ciro Immobile,34,Forward,Lazio,Serie A,Italy,8.963917525773196,,,,,,,19.84,,,,,,,15.06,18.87,,,,0.52,2.0,1.37,0.89,0.97,2.63,186.0,,,,
Cristiano Biraghi,31,Defender,Fiorentina,Serie A,Italy,9.025773195876289,130.0,7.0,0.67,77.0,49.07,1.02,42.24,1.02,1097.0,1394.0,,,,,,,,,,,,,,,,,,,
Danilo,32,Defender,Juventus,Serie A,Brazil,9.265463917525773,169.0,20.0,1.53,86.0,58.66,0.93,56.05,0.51,1766.0,2074.0,,,,,,,,,,,,,,,,,,,
Darko Lazović,33,Midfielder,Hellas Verona,Serie A,Serbia,9.159793814432991,,,,75.0,,,21.23,,437.0,637.0,,,,14.57,17.44,,,,,,,,,,,1.5,0.39,1.8,45.0
David Okereke,26,Forward,Cremonese,Serie A,Nigeria,8.86855670103093,,,,,,,14.24,,,,,,,10.36,13.54,,,,1.09,1.39,0.83,1.31,1.27,5.07,325.0,,,,
Davide Frattesi,24,Midfielder,Sassuolo,Serie A,Italy,8.77319587628866,,,,80.0,,,27.47,,798.0,989.0,,,,22.17,24.83,,,,,,,,,,,0.81,0.22,0.9,29.0
Denzel Dumfries,28,Defender,Inter Milan,Serie A,Aruba,8.621134020618559,131.0,9.0,1.66,65.0,30.92,1.22,22.44,0.49,604.0,763.0,,,,,,,,,,,,,,,,,,,
Destiny Udogie,21,Defender,Udinese,Serie A,Italy,8.698453608247425,191.0,6.0,0.56,82.0,31.82,1.23,29.09,0.83,798.0,960.0,,,,,,,,,,,,,,,,,,,
Dimitrios Nikolaou,25,Defender,Spezia,Serie A,Greece,8.86855670103093,105.0,26.0,0.91,83.0,47.64,0.82,43.58,0.36,1293.0,1569.0,,,,,,,,,,,,,,,,,,,
Dodô,25,Defender,Fiorentina,Serie A,Brazil,8.670103092783506,127.0,2.0,0.73,71.0,47.5,1.08,37.39,0.81,1039.0,1234.0,,,,,,,,,,,,,,,,,,,
Domagoj Bradarić,24,Defender,Salernitana,Serie A,Croatia,8.698453608247423,77.0,5.0,0.56,73.0,34.82,0.72,28.06,0.32,687.0,870.0,,,,,,,,,,,,,,,,,,,
Éderson,24,Midfielder,Atalanta,Serie A,Brazil,8.827319587628867,,,,63.0,,,30.54,,876.0,1069.0,,,,25.03,35.5,,,,,,,,,,,0.6,0.08,0.85,21.0
Emanuele Valeri,25,Defender,Cremonese,Serie A,Italy,8.739690721649485,121.0,3.0,0.42,75.0,26.88,0.87,22.51,1.13,552.0,833.0,,,,,,,,,,,,,,,,,,,
Emil Audero,27,Goalkeeper,Sampdoria,Serie A,Italy,8.850515463917526,,,,,,,32.4,,,810.0,68.29,3.36,84.0,20.56,20.56,10.0,0.08,3.36,,,,,,,,,,,
Emmanuel Gyasi,30,Forward,Spezia,Serie A,Ghana,8.649484536082475,,,,,,,20.57,,,,,,,16.8,18.66,,,,0.2,0.57,0.41,1.33,1.17,2.76,1419.0,,,,
Ethan Ampadu,23,Defender,Spezia,Serie A,Wales,8.780927835051548,156.0,23.0,2.11,86.0,50.06,1.5,47.52,0.71,1197.0,1473.0,,,,,,,,,,,,,,,,,,,
Fabiano Parisi,23,Defender,Empoli,Serie A,Italy,8.966494845360826,229.0,15.0,0.92,86.0,40.49,1.08,38.67,0.92,1008.0,1276.0,,,,,,,,,,,,,,,,,,,
Fabio Depaoli,27,Defender,Hellas Verona,Serie A,Italy,8.652061855670103,124.0,7.0,0.9,68.0,19.99,1.68,15.06,0.78,332.0,512.0,,,,,,,,,,,,,,,,,,,
Federico Baschirotto,27,Defender,Lecce,Serie A,Italy,8.909793814432991,146.0,29.0,2.46,90.0,37.08,1.0,37.08,0.35,1021.0,1372.0,,,,,,,,,,,,,,,,,,,
Federico Di Francesco,29,Forward,Lecce,Serie A,Italy,8.61855670103093,,,,,,,12.53,,,,,,,9.0,14.33,,,,0.47,0.86,0.71,1.19,1.42,3.71,1018.0,,,,
Federico Dimarco,26,Defender,Inter Milan,Serie A,Italy,8.667525773195877,71.0,4.0,0.17,63.0,40.24,0.52,28.3,0.3,751.0,934.0,,,,,,,,,,,,,,,,,,,
Felipe Anderson,31,Midfielder,Lazio,Serie A,Brazil,8.86855670103093,,,,78.0,,,34.97,,1060.0,1329.0,,,,27.89,32.16,,,,,,,,,,,1.24,0.33,1.43,47.0
Fikayo Tomori,26,Defender,AC Milan,Serie A,England,9.028350515463918,158.0,25.0,2.05,84.0,61.76,0.91,57.52,0.39,1685.0,1898.0,,,,,,,,,,,,,,,,,,,
Filip Kostić,31,Midfielder,Juventus,Serie A,Serbia,9.201030927835053,,,,70.0,,,23.68,,683.0,876.0,,,,18.46,23.81,,,,,,,,,,,1.84,0.38,2.37,68.0
Filip Đuričić,32,Midfielder,Sampdoria,Serie A,Serbia,8.667525773195877,,,,68.0,,,22.0,,563.0,704.0,,,,17.59,23.16,,,,,,,,,,,1.03,0.12,1.36,33.0
Filippo Bandinelli,29,Midfielder,Empoli,Serie A,Italy,8.662371134020619,,,,65.0,,,26.0,,711.0,910.0,,,,20.31,28.03,,,,,,,,,,,0.89,0.08,1.22,31.0
Flavius Daniliuc,22,Defender,Salernitana,Serie A,Austria,8.876288659793815,99.0,13.0,1.66,81.0,46.35,1.37,42.96,0.83,962.0,1117.0,,,,,,,,,,,,,,,,,,,
Francesco Acerbi,36,Defender,Inter Milan,Serie A,Italy,8.786082474226804,133.0,18.0,2.94,78.0,59.32,0.6,51.39,0.26,1427.0,1593.0,,,,,,,,,,,,,,,,,,,
Francesco Caputo,36,Forward,Empoli,Serie A,Italy,8.86855670103093,,,,,,,15.42,,,,,,,11.11,12.77,,,,0.11,1.19,0.7,1.21,1.47,2.49,470.0,,,,
Gabriel Strefezza,27,Forward,Lecce,Serie A,Brazil,9.00515463917526,,,,,,,21.0,,,,,,,14.51,18.56,,,,0.97,1.29,0.66,2.52,2.59,6.36,308.0,,,,
Gianluca Caprari,30,Forward,Monza,Serie A,Italy,8.731958762886599,,,,,,,26.89,,,,,,,22.38,30.23,,,,1.0,0.86,0.51,1.28,1.83,4.02,493.0,,,,
Gianluca Mancini,28,Defender,Roma,Serie A,Italy,8.969072164948454,120.0,17.0,1.76,82.0,49.68,1.22,45.23,0.47,1301.0,1583.0,,,,,,,,,,,,,,,,,,,
Gianmarco Ferrari,31,Defender,Sassuolo,Serie A,Italy,8.641752577319588,100.0,19.0,1.92,67.0,51.64,0.94,39.59,0.29,1095.0,1267.0,,,,,,,,,,,,,,,,,,,
Giorgio Scalvini,20,Defender,Atalanta,Serie A,Italy,8.79639175257732,121.0,13.0,1.88,73.0,56.29,2.07,45.88,1.04,1199.0,1468.0,,,,,,,,,,,,,,,,,,,
Giovanni Di Lorenzo,30,Defender,Napoli,Serie A,Italy,9.27835051546392,147.0,9.0,1.08,88.0,63.06,0.88,61.68,0.64,1967.0,2282.0,,,,,,,,,,,,,,,,,,,
Gleison Bremer,27,Defender,Juventus,Serie A,Brazil,8.914948453608249,123.0,22.0,2.73,88.0,56.54,0.99,55.27,0.17,1495.0,1658.0,,,,,,,,,,,,,,,,,,,
Guglielmo Vicario,27,Goalkeeper,Empoli,Serie A,Italy,9.07216494845361,,,,,,,36.16,,,1121.0,71.85,3.13,97.0,24.9,24.96,21.0,0.26,3.14,,,,,,,,,,,
Hakan Çalhanoğlu,30,Midfielder,Inter Milan,Serie A,Turkey,9.332474226804127,,,,72.0,,,45.3,,1320.0,1495.0,,,,40.0,50.0,,,,,,,,,,,2.15,0.34,2.69,71.0
Igor Julio,26,Defender,Fiorentina,Serie A,Brazil,8.837628865979383,101.0,14.0,1.71,76.0,57.33,1.27,48.56,0.26,1157.0,1311.0,,,,,,,,,,,,,,,,,,,
Isak Hien,25,Midfielder,Hellas Verona,Serie A,Sweden,8.757731958762887,,,,82.0,,,31.47,,755.0,1007.0,,,,23.59,26.08,,,,,,,,,,,0.06,0.0,0.07,2.0
Ismael Bennacer,26,Midfielder,AC Milan,Serie A,Algeria,9.07216494845361,,,,72.0,,,47.71,,1191.0,1336.0,,,,42.54,52.8,,,,,,,,,,,1.57,0.18,1.95,44.0
Ivan Ilić,23,Midfielder,Torino,Serie A,Serbia,9.038659793814432,,,,81.0,,,45.28,,956.0,1132.0,,,,38.24,42.32,,,,,,,,,,,1.16,0.22,1.28,29.0
Ivan Provedel,30,Goalkeeper,Lazio,Serie A,Italy,9.07216494845361,,,,,,,30.26,,,1150.0,76.92,2.63,100.0,23.66,23.71,11.0,0.13,2.64,,,,,,,,,,,
Jaka Bijol,25,Midfielder,Udinese,Serie A,Slovenia,8.943298969072165,,,,85.0,,,42.84,,1168.0,1371.0,,,,36.5,38.48,,,,,,,,,,,0.31,0.16,0.33,10.0
Jerdy Schouten,27,Midfielder,Bologna,Serie A,Netherlands,8.827319587628867,,,,76.0,,,44.42,,1275.0,1466.0,,,,38.64,46.4,,,,,,,,,,,0.52,0.07,0.62,17.0
Jeremy Toljan,29,Defender,Sassuolo,Serie A,Germany,8.809278350515465,66.0,13.0,0.27,86.0,43.18,0.34,41.35,0.27,1074.0,1282.0,,,,,,,,,,,,,,,,,,,
Jhon Lucumí,25,Defender,Bologna,Serie A,Colombia,8.79896907216495,113.0,26.0,1.24,88.0,59.45,0.9,58.09,0.53,1705.0,1917.0,,,,,,,,,,,,,,,,,,,
Joakim Mæhle,26,Midfielder,Atalanta,Serie A,Denmark,8.737113402061857,,,,65.0,,,34.82,,964.0,1184.0,,,,28.35,39.2,,,,,,,,,,,1.09,0.24,1.5,37.0
Joan Gonzàlez,22,Midfielder,Lecce,Serie A,Spain,8.788659793814434,,,,63.0,,,19.56,,138.0,176.0,,,,15.33,21.16,,,,,,,,,,,0.44,0.16,0.61,4.0
Jonathan Ikoné,25,Midfielder,Fiorentina,Serie A,France,8.662371134020619,,,,61.0,,,18.85,,524.0,622.0,,,,15.88,23.44,,,,,,,,,,,0.91,0.36,1.34,30.0
Juan Cuadrado,35,Midfielder,Juventus,Serie A,Colombia,8.896907216494846,,,,67.0,,,35.74,,962.0,1108.0,,,,31.03,41.51,,,,,,,,,,,1.42,0.17,1.9,44.0
Juan Musso,29,Goalkeeper,Atalanta,Serie A,Argentina,8.878865979381445,,,,,,,23.04,,,553.0,70.33,2.67,64.0,15.17,15.77,8.0,0.21,2.77,,,,,,,,,,,
Kelvin Amian Adou,26,Defender,Spezia,Serie A,France,8.762886597938145,106.0,13.0,1.25,79.0,32.0,1.4,28.1,0.27,638.0,843.0,,,,,,,,,,,,,,,,,,,
Kevin Andrés Agudelo Ardila,25,Midfielder,Spezia,Serie A,Colombia,8.6340206185567,,,,61.0,,,19.79,,512.0,673.0,,,,15.06,21.55,,,,,,,,,,,0.79,0.04,1.14,27.0
Khvicha Kvaratskhelia,23,Midfielder,Napoli,Serie A,Georgia,8.925257731958764,,,,75.0,,,30.5,,864.0,1037.0,,,,25.41,30.61,,,,,,,,,,,1.59,0.78,1.91,54.0
Krzysztof Piątek,28,Forward,Salernitana,Serie A,Poland,8.8659793814433,,,,,,,16.21,,,,,,,11.45,15.9,,,,0.3,1.36,0.84,1.39,1.81,6.73,535.0,,,,
Lassana Coulibaly,28,Midfielder,Salernitana,Serie A,Mali,9.012886597938145,,,,83.0,,,33.2,,974.0,1162.0,,,,27.83,30.22,,,,,,,,,,,0.57,0.19,0.62,20.0
Lautaro Martínez,26,Forward,Inter Milan,Serie A,Argentina,9.268041237113405,,,,,,,17.26,,,,,,,13.03,17.3,,,,0.68,2.66,1.82,1.68,2.2,5.45,123.0,,,,
Leonardo Sernicola,26,Defender,Cremonese,Serie A,Italy,8.512886597938145,136.0,6.0,1.12,73.0,25.06,1.59,20.19,0.47,466.0,646.0,,,,,,,,,,,,,,,,,,,
Lévy Koffi Djidji,31,Defender,Torino,Serie A,Ivory Coast,8.623711340206185,103.0,14.0,1.71,71.0,52.36,1.0,41.44,0.45,1232.0,1409.0,,,,,,,,,,,,,,,,,,,
Lewis Ferguson,24,Midfielder,Bologna,Serie A,Scotland,8.72938144329897,,,,73.0,,,36.44,,1003.0,1166.0,,,,31.34,38.84,,,,,,,,,,,0.5,0.27,0.62,16.0
Lorenzo Montipò,28,Goalkeeper,Hellas Verona,Serie A,Italy,8.904639175257733,,,,,,,28.76,,,1064.0,68.11,3.41,126.0,16.7,16.7,14.0,0.14,3.41,,,,,,,,,,,
Lorenzo Pellegrini,27,Midfielder,Roma,Serie A,Italy,9.335051546391755,,,,80.0,,,29.56,,756.0,946.0,,,,23.62,26.61,,,,,,,,,,,2.22,0.32,2.5,71.0
Luca Caldirola,33,Defender,Monza,Serie A,Italy,8.634020618556702,89.0,18.0,1.37,76.0,54.37,1.14,45.97,0.38,1256.0,1425.0,,,,,,,,,,,,,,,,,,,
Lucas Martínez Quarta,27,Midfielder,Fiorentina,Serie A,Argentina,9.100515463917526,,,,80.0,,,55.93,,1232.0,1510.0,,,,45.63,51.05,,,,,,,,,,,0.3,0.08,0.33,8.0
Luis Alberto,31,Midfielder,Lazio,Serie A,Spain,9.304123711340209,,,,70.0,,,52.11,,1593.0,1824.0,,,,45.51,58.64,,,,,,,,,,,1.91,0.48,2.47,67.0
Manolo Gabbiadini,32,Forward,Sampdoria,Serie A,Italy,8.917525773195877,,,,,,,16.8,,,,,,,11.94,15.89,,,,0.17,1.63,1.06,1.18,2.55,5.21,338.0,,,,
Manuel Locatelli,26,Midfielder,Juventus,Serie A,Italy,8.873711340206187,,,,77.0,,,41.84,,1105.0,1339.0,,,,34.53,40.48,,,,,,,,,,,0.72,0.07,0.84,23.0
Marco Carnesecchi,23,Goalkeeper,Cremonese,Serie A,Italy,8.951030927835053,,,,,,,29.93,,,808.0,69.87,4.04,109.0,16.0,16.0,15.0,0.19,4.04,,,,,,,,,,,
Marco Silvestri,33,Goalkeeper,Udinese,Serie A,Italy,8.899484536082475,,,,,,,27.05,,,1028.0,65.22,2.37,90.0,20.29,20.29,14.0,0.11,2.37,,,,,,,,,,,
Marten de Roon,33,Midfielder,Atalanta,Serie A,Netherlands,9.09278350515464,,,,85.0,,,53.34,,1565.0,1867.0,,,,44.71,47.49,,,,,,,,,,,0.57,0.12,0.61,20.0
Martin Erlić,26,Defender,Sassuolo,Serie A,Croatia,8.713917525773198,85.0,23.0,1.74,83.0,48.09,0.77,44.5,0.42,1073.0,1246.0,,,,,,,,,,,,,,,,,,,
Matteo Bianchetti,31,Defender,Cremonese,Serie A,Italy,8.77319587628866,106.0,17.0,2.66,85.0,38.96,0.76,36.88,0.51,726.0,922.0,,,,,,,,,,,,,,,,,,,
Matteo Darmian,34,Defender,Inter Milan,Serie A,Italy,8.72680412371134,97.0,5.0,0.62,66.0,54.61,0.93,39.77,0.71,1076.0,1233.0,,,,,,,,,,,,,,,,,,,
Matteo Pessina,27,Midfielder,Monza,Serie A,Italy,9.048969072164951,,,,84.0,,,56.03,,1694.0,1961.0,,,,48.4,51.86,,,,,,,,,,,0.63,0.25,0.67,22.0
Mattia Zaccagni,28,Midfielder,Lazio,Serie A,Italy,9.211340206185566,,,,80.0,,,27.77,,822.0,972.0,,,,23.49,26.57,,,,,,,,,,,1.03,0.52,1.16,36.0
Maxime Lopez,26,Midfielder,Sassuolo,Serie A,France,8.82216494845361,,,,77.0,,,53.13,,1415.0,1594.0,,,,47.17,55.42,,,,,,,,,,,1.07,0.0,1.25,32.0
Mbala N'Zola,27,Forward,Spezia,Serie A,Angola,8.884020618556702,,,,,,,18.45,,,,,,,14.9,15.67,,,,0.9,1.74,0.78,2.27,1.42,4.04,211.0,,,,
Mehdi Bourabia,32,Midfielder,Spezia,Serie A,Morocco,8.832474226804125,,,,76.0,,,32.49,,960.0,1202.0,,,,25.95,30.9,,,,,,,,,,,1.0,0.12,1.19,37.0
Mehdi Léris,25,Midfielder,Sampdoria,Serie A,Algeria,8.791237113402062,,,,77.0,,,25.81,,578.0,826.0,,,,18.06,21.11,,,,,,,,,,,0.62,0.07,0.73,20.0
Michele Di Gregorio,26,Goalkeeper,Monza,Serie A,Italy,8.979381443298971,,,,,,,34.65,,,1282.0,71.01,3.24,120.0,24.86,24.86,14.0,0.08,3.24,,,,,,,,,,,
Min-Jae Kim,27,Defender,Napoli,Serie A,South Korea,9.180412371134022,156.0,26.0,2.71,87.0,82.4,0.88,79.91,0.12,2551.0,2797.0,,,,,,,,,,,,,,,,,,,
Morten Hjulmand,24,Midfielder,Lecce,Serie A,Denmark,8.971649484536083,,,,85.0,,,37.23,,1034.0,1303.0,,,,29.54,31.4,,,,,,,,,,,0.71,0.12,0.76,25.0
Nehuén Pérez,23,Defender,Udinese,Serie A,Argentina,8.88917525773196,128.0,21.0,1.15,83.0,52.96,0.92,48.94,0.51,1440.0,1664.0,,,,,,,,,,,,,,,,,,,
Nicola Zalewski,22,Forward,Roma,Serie A,Poland,8.721649484536083,,,,,,,28.7,,,,,,,22.64,30.46,,,,0.76,0.61,0.37,0.61,2.08,5.06,1105.0,,,,
Nicolás Domínguez,25,Midfielder,Bologna,Serie A,Argentina,8.93556701030928,,,,74.0,,,43.26,,1124.0,1341.0,,,,36.26,43.87,,,,,,,,,,,1.19,0.2,1.44,37.0
Nicolò Barella,27,Midfielder,Inter Milan,Serie A,Italy,9.123711340206187,,,,75.0,,,43.0,,1277.0,1505.0,,,,36.49,43.83,,,,,,,,,,,1.6,0.41,1.92,56.0
Nicolò Casale,26,Defender,Lazio,Serie A,Italy,8.907216494845361,95.0,17.0,1.59,84.0,59.27,0.81,55.34,0.44,1477.0,1605.0,,,,,,,,,,,,,,,,,,,
Nikola Milenković,26,Defender,Fiorentina,Serie A,Serbia,8.762886597938145,134.0,14.0,3.08,79.0,54.42,1.64,47.81,0.38,1105.0,1291.0,,,,,,,,,,,,,,,,,,,
Nikola Vlašić,26,Midfielder,Torino,Serie A,Croatia,8.930412371134022,,,,80.0,,,27.0,,751.0,918.0,,,,22.09,24.76,,,,,,,,,,,1.85,0.36,2.08,63.0
Olivier Giroud,37,Forward,AC Milan,Serie A,France,8.984536082474229,,,,,,,16.67,,,,,,,10.61,14.64,,,,0.15,2.0,1.34,0.67,1.05,5.6,165.0,,,,
Pablo Marí,30,Defender,Monza,Serie A,Spain,8.837628865979383,104.0,15.0,2.13,83.0,58.13,1.12,53.57,0.33,1427.0,1607.0,,,,,,,,,,,,,,,,,,,
Patrick Ciurria,29,Forward,Monza,Serie A,Italy,8.760309278350517,,,,,,,30.25,,,,,,,24.94,29.31,,,,0.44,1.06,0.75,0.59,1.34,3.3,460.0,,,,
Perr Schuurs,24,Defender,Torino,Serie A,Netherlands,8.855670103092784,123.0,17.0,2.32,78.0,46.2,1.2,39.9,0.5,1055.0,1197.0,,,,,,,,,,,,,,,,,,,
Pierre Kalulu,23,Defender,AC Milan,Serie A,France,8.860824742268042,124.0,17.0,1.28,75.0,60.25,0.85,50.03,0.43,1512.0,1701.0,,,,,,,,,,,,,,,,,,,
Pietro Terracciano,34,Goalkeeper,Fiorentina,Serie A,Italy,8.664948453608249,,,,,,,32.9,,,954.0,62.0,2.14,62.0,24.21,24.21,12.0,0.0,2.14,,,,,,,,,,,
Piotr Zieliński,29,Midfielder,Napoli,Serie A,Poland,9.221649484536085,,,,62.0,,,38.76,,1255.0,1434.0,,,,33.92,49.0,,,,,,,,,,,2.24,0.43,3.24,83.0
Rafael Leão,24,Forward,AC Milan,Serie A,Portugal,9.121134020618557,,,,,,,21.23,,,,,,,15.83,20.52,,,,1.97,1.74,1.07,1.48,1.11,5.04,162.0,,,,
Rafael Tolói,33,Defender,Atalanta,Serie A,Brazil,9.054123711340207,140.0,18.0,1.45,87.0,52.35,1.22,50.75,0.81,1320.0,1624.0,,,,,,,,,,,,,,,,,,,
Răzvan Marin,27,Midfielder,Empoli,Serie A,Romania,9.144329896907218,,,,77.0,,,43.64,,1214.0,1440.0,,,,36.79,43.02,,,,,,,,,,,1.73,0.21,2.02,57.0
Ricardo Rodríguez,31,Defender,Torino,Serie A,Switzerland,8.927835051546394,102.0,14.0,1.01,76.0,53.36,0.84,45.23,0.34,1330.0,1583.0,,,,,,,,,,,,,,,,,,,
Riccardo Orsolini,27,Forward,Bologna,Serie A,Italy,9.087628865979383,,,,,,,23.59,,,,,,,16.06,21.79,,,,0.94,2.22,1.27,1.48,1.87,5.04,193.0,,,,
Roberto Pereyra,33,Midfielder,Udinese,Serie A,Argentina,9.079896907216497,,,,83.0,,,33.53,,960.0,1140.0,,,,28.24,30.48,,,,,,,,,,,1.41,0.38,1.52,48.0
Rodrigo Becão,28,Defender,Udinese,Serie A,Brazil,9.105670103092786,170.0,24.0,2.21,89.0,44.51,1.34,43.93,0.47,987.0,1230.0,,,,,,,,,,,,,,,,,,,
Roger Ibanez da Silva,25,Defender,Roma,Serie A,Brazil,8.899484536082475,186.0,11.0,1.93,85.0,52.9,1.42,49.82,0.48,1448.0,1644.0,,,,,,,,,,,,,,,,,,,
Rogério Oliveira da Silva,26,Defender,Sassuolo,Serie A,Brazil,8.680412371134022,118.0,9.0,0.63,83.0,47.05,0.9,43.58,0.54,1301.0,1569.0,,,,,,,,,,,,,,,,,,,
Rui Patrício,36,Goalkeeper,Roma,Serie A,Portugal,8.713917525773198,,,,,,,21.74,,,761.0,68.87,2.09,73.0,15.91,15.91,4.0,0.0,2.09,,,,,,,,,,,
Samuel Umtiti,30,Defender,Lecce,Serie A,France,8.809278350515465,112.0,14.0,1.4,85.0,36.47,1.36,34.28,0.34,719.0,857.0,,,,,,,,,,,,,,,,,,,
Samuele Ricci,22,Midfielder,Torino,Serie A,Italy,8.86855670103093,,,,74.0,,,40.68,,1020.0,1139.0,,,,36.43,44.28,,,,,,,,,,,0.57,0.13,0.69,16.0
Sandi Lovric,26,Midfielder,Udinese,Serie A,Slovenia,8.845360824742269,,,,63.0,,,23.76,,738.0,879.0,,,,19.95,28.24,,,,,,,,,,,1.27,0.42,1.8,47.0
Sandro Tonali,23,Midfielder,AC Milan,Serie A,Italy,9.242268041237114,,,,80.0,,,41.06,,1136.0,1396.0,,,,33.41,37.63,,,,,,,,,,,1.82,0.3,2.05,62.0
Sebastiano Luperto,27,Defender,Empoli,Serie A,Italy,8.907216494845363,126.0,42.0,2.01,87.0,48.66,0.6,47.14,0.2,1472.0,1697.0,,,,,,,,,,,,,,,,,,,
Sergej Milinković-Savić,29,Midfielder,Lazio,Serie A,Serbia,9.195876288659795,,,,84.0,,,52.03,,1446.0,1873.0,,,,40.17,42.95,,,,,,,,,,,1.14,0.5,1.22,41.0
Sofyan Amrabat,27,Midfielder,Fiorentina,Serie A,Morocco,8.876288659793815,,,,69.0,,,50.07,,1304.0,1452.0,,,,44.97,58.53,,,,,,,,,,,0.41,0.04,0.54,12.0
Soualiho Meïté,30,Midfielder,Cremonese,Serie A,France,8.793814432989691,,,,77.0,,,32.45,,854.0,1006.0,,,,27.55,32.4,,,,,,,,,,,0.45,0.08,0.53,14.0
Stanislav Lobotka,29,Midfielder,Napoli,Serie A,Slovakia,8.95876288659794,,,,82.0,,,60.24,,2152.0,2289.0,,,,56.63,62.26,,,,,,,,,,,0.45,0.06,0.49,17.0
Stefan Posch,26,Defender,Bologna,Serie A,Austria,8.796391752577321,145.0,14.0,0.92,85.0,51.66,1.63,48.63,1.03,1119.0,1459.0,,,,,,,,,,,,,,,,,,,
Tammy Abraham,26,Forward,Roma,Serie A,England,8.91237113402062,,,,,,,13.16,,,,,,,9.03,14.08,,,,0.58,1.37,1.23,1.31,1.97,6.85,274.0,,,,
Teun Koopmeiners,26,Midfielder,Atalanta,Serie A,Netherlands,9.293814432989691,,,,87.0,,,46.48,,1197.0,1534.0,,,,36.27,37.67,,,,,,,,,,,1.73,0.44,1.79,57.0
Theo Hernández,26,Defender,AC Milan,Serie A,France,8.853092783505156,156.0,7.0,1.17,87.0,44.81,0.71,43.19,0.49,1120.0,1382.0,,,,,,,,,,,,,,,,,,,
Tomás Rincón,36,Midfielder,Sampdoria,Serie A,Venezuela,8.84278350515464,,,,75.0,,,35.62,,1008.0,1211.0,,,,29.65,35.38,,,,,,,,,,,0.62,0.07,0.74,21.0
Tommaso Augello,29,Defender,Sampdoria,Serie A,Italy,8.762886597938145,112.0,7.0,1.09,83.0,38.37,0.41,35.32,0.35,1012.0,1307.0,,,,,,,,,,,,,,,,,,,
Tonny Vilhena,29,Midfielder,Salernitana,Serie A,Netherlands,8.70618556701031,,,,69.0,,,24.21,,636.0,799.0,,,,19.27,25.14,,,,,,,,,,,0.58,0.2,0.75,19.0
Valentin Gendrey,23,Defender,Lecce,Serie A,France,8.72938144329897,176.0,4.0,1.39,84.0,29.52,0.67,27.51,0.78,749.0,1018.0,,,,,,,,,,,,,,,,,,,
Vanja Milinković Savić,27,Goalkeeper,Torino,Serie A,Serbia,8.860824742268042,,,,,,,42.18,,,1603.0,70.07,2.53,96.0,24.58,24.58,22.0,0.13,2.53,,,,,,,,,,,
Victor Osimhen,25,Forward,Napoli,Serie A,Nigeria,9.324742268041238,,,,,,,11.66,,,,,,,8.28,9.23,,,,0.81,3.25,1.92,1.53,1.36,4.88,99.0,,,,
Walace,29,Midfielder,Udinese,Serie A,Brazil,9.105670103092784,,,,86.0,,,47.03,,1477.0,1740.0,,,,39.92,41.54,,,,,,,,,,,0.49,0.03,0.51,18.0
Wilfried Singo,23,Defender,Torino,Serie A,Ivory Coast,8.572164948453608,142.0,2.0,2.23,66.0,38.52,1.84,28.39,0.26,678.0,880.0,,,,,,,,,,,,,,,,,,,
Wladimiro Falcone,29,Goalkeeper,Lecce,Serie A,Italy,9.000000000000002,,,,,,,26.71,,,1015.0,71.07,2.97,113.0,11.97,11.97,23.0,0.13,2.97,,,,,,,,,,,
Wojciech Szczęsny,34,Goalkeeper,Juventus,Serie A,Poland,9.025773195876289,,,,,,,23.5,,,658.0,72.34,2.43,68.0,17.89,18.23,14.0,0.04,2.47,,,,,,,,,,,
Łukasz Skorupski,32,Goalkeeper,Bologna,Serie A,Poland,8.938144329896907,,,,,,,26.59,,,984.0,69.94,3.08,114.0,20.03,20.03,18.0,0.19,3.08,,,,,,,,,,,
